name,year,rate,code
ADANA,1990,0,1
ADIYAMAN,1990,0,2
AFYONKARAHISAR,1990,3,3
AGRI,1990,0,4
AKSARAY,1990,0,5
AMASYA,1990,0,6
ANKARA,1990,2,7
ANTALYA,1990,5,8
ARDAHAN,1990,0,9
ARTVIN,1990,0,10
AYDIN,1990,3,11
BALIKESIR,1990,43,12
BARTIN,1990,0,13
BATMAN,1990,0,14
BAYBURT,1990,0,15
BILECIK,1990,1,16
BINGOL,1990,0,17
BITLIS,1990,0,18
BOLU,1990,1,19
BURDUR,1990,33,20
BURSA,1990,36,21
CANAKKALE,1990,15,22
CANKIRI,1990,0,23
CORUM,1990,0,24
DENIZLI,1990,8,25
DIYARBAKIR,1990,1,26
DUZCE,1990,0,27
EDIRNE,1990,1,28
ELAZIG,1990,0,29
ERZINCAN,1990,2,30
ERZURUM,1990,0,31
ESKISEHIR,1990,4,32
GAZIANTEP,1990,0,33
GIRESUN,1990,0,34
GUMUSHANE,1990,1,35
HAKKARI,1990,0,36
HATAY,1990,0,37
IGDIR,1990,0,38
ISPARTA,1990,2,39
ISTANBUL,1990,15,40
IZMIR,1990,25,41
KAHRAMANMARAS,1990,1,42
KARABUK,1990,0,43
KARAMAN,1990,0,44
KARS,1990,0,45
KASTAMONU,1990,0,46
KAYSERI,1990,0,47
KILIS,1990,0,48
KIRIKKALE,1990,2,49
KIRKLARELI,1990,1,50
KIRSEHIR,1990,0,51
KOCAELI,1990,16,52
KONYA,1990,0,53
KUTAHYA,1990,28,54
MALATYA,1990,0,55
MANISA,1990,162,56
MARDIN,1990,0,57
MERSIN,1990,1,58
MUGLA,1990,11,59
MUS,1990,0,60
NEVSEHIR,1990,0,61
NIGDE,1990,0,62
ORDU,1990,0,63
OSMANIYE,1990,0,64
RIZE,1990,0,65
SAKARYA,1990,6,66
SAMSUN,1990,0,67
SANLIURFA,1990,0,68
SIIRT,1990,0,69
SINOP,1990,0,70
SIRNAK,1990,0,71
SIVAS,1990,0,72
TEKIRDAG,1990,0,73
TOKAT,1990,0,74
TRABZON,1990,0,75
TUNCELI,1990,0,76
USAK,1990,0,77
VAN,1990,0,78
YALOVA,1990,3,79
YOZGAT,1990,0,80
ZONGULDAK,1990,0,81
ADANA,1991,2,82
ADIYAMAN,1991,0,83
AFYONKARAHISAR,1991,15,84
AGRI,1991,0,85
AKSARAY,1991,0,86
AMASYA,1991,0,87
ANKARA,1991,1,88
ANTALYA,1991,7,89
ARDAHAN,1991,0,90
ARTVIN,1991,0,91
AYDIN,1991,5,92
BALIKESIR,1991,69,93
BARTIN,1991,0,94
BATMAN,1991,0,95
BAYBURT,1991,0,96
BILECIK,1991,3,97
BINGOL,1991,0,98
BITLIS,1991,0,99
BOLU,1991,0,100
BURDUR,1991,74,101
BURSA,1991,53,102
CANAKKALE,1991,17,103
CANKIRI,1991,2,104
CORUM,1991,0,105
DENIZLI,1991,23,106
DIYARBAKIR,1991,0,107
DUZCE,1991,0,108
EDIRNE,1991,1,109
ELAZIG,1991,0,110
ERZINCAN,1991,0,111
ERZURUM,1991,2,112
ESKISEHIR,1991,4,113
GAZIANTEP,1991,0,114
GIRESUN,1991,0,115
GUMUSHANE,1991,0,116
HAKKARI,1991,0,117
HATAY,1991,0,118
IGDIR,1991,0,119
ISPARTA,1991,1,120
ISTANBUL,1991,43,121
IZMIR,1991,28,122
KAHRAMANMARAS,1991,1,123
KARABUK,1991,0,124
KARAMAN,1991,0,125
KARS,1991,4,126
KASTAMONU,1991,0,127
KAYSERI,1991,1,128
KILIS,1991,0,129
KIRIKKALE,1991,1,130
KIRKLARELI,1991,1,131
KIRSEHIR,1991,0,132
KOCAELI,1991,29,133
KONYA,1991,6,134
KUTAHYA,1991,65,135
MALATYA,1991,0,136
MANISA,1991,167,137
MARDIN,1991,0,138
MERSIN,1991,1,139
MUGLA,1991,13,140
MUS,1991,1,141
NEVSEHIR,1991,0,142
NIGDE,1991,0,143
ORDU,1991,0,144
OSMANIYE,1991,2,145
RIZE,1991,0,146
SAKARYA,1991,7,147
SAMSUN,1991,0,148
SANLIURFA,1991,0,149
SIIRT,1991,0,150
SINOP,1991,0,151
SIRNAK,1991,1,152
SIVAS,1991,0,153
TEKIRDAG,1991,0,154
TOKAT,1991,0,155
TRABZON,1991,0,156
TUNCELI,1991,0,157
USAK,1991,5,158
VAN,1991,0,159
YALOVA,1991,16,160
YOZGAT,1991,0,161
ZONGULDAK,1991,0,162
ADANA,1992,1,163
ADIYAMAN,1992,0,164
AFYONKARAHISAR,1992,12,165
AGRI,1992,0,166
AKSARAY,1992,0,167
AMASYA,1992,3,168
ANKARA,1992,3,169
ANTALYA,1992,8,170
ARDAHAN,1992,0,171
ARTVIN,1992,0,172
AYDIN,1992,3,173
BALIKESIR,1992,55,174
BARTIN,1992,0,175
BATMAN,1992,0,176
BAYBURT,1992,1,177
BILECIK,1992,4,178
BINGOL,1992,1,179
BITLIS,1992,0,180
BOLU,1992,4,181
BURDUR,1992,2,182
BURSA,1992,25,183
CANAKKALE,1992,4,184
CANKIRI,1992,1,185
CORUM,1992,0,186
DENIZLI,1992,7,187
DIYARBAKIR,1992,0,188
DUZCE,1992,1,189
EDIRNE,1992,0,190
ELAZIG,1992,1,191
ERZINCAN,1992,8,192
ERZURUM,1992,2,193
ESKISEHIR,1992,4,194
GAZIANTEP,1992,1,195
GIRESUN,1992,0,196
GUMUSHANE,1992,0,197
HAKKARI,1992,0,198
HATAY,1992,0,199
IGDIR,1992,0,200
ISPARTA,1992,3,201
ISTANBUL,1992,5,202
IZMIR,1992,76,203
KAHRAMANMARAS,1992,1,204
KARABUK,1992,0,205
KARAMAN,1992,0,206
KARS,1992,0,207
KASTAMONU,1992,1,208
KAYSERI,1992,2,209
KILIS,1992,0,210
KIRIKKALE,1992,1,211
KIRKLARELI,1992,0,212
KIRSEHIR,1992,0,213
KOCAELI,1992,6,214
KONYA,1992,1,215
KUTAHYA,1992,70,216
MALATYA,1992,3,217
MANISA,1992,42,218
MARDIN,1992,0,219
MERSIN,1992,1,220
MUGLA,1992,14,221
MUS,1992,0,222
NEVSEHIR,1992,0,223
NIGDE,1992,0,224
ORDU,1992,0,225
OSMANIYE,1992,1,226
RIZE,1992,0,227
SAKARYA,1992,8,228
SAMSUN,1992,2,229
SANLIURFA,1992,0,230
SIIRT,1992,0,231
SINOP,1992,1,232
SIRNAK,1992,0,233
SIVAS,1992,1,234
TEKIRDAG,1992,0,235
TOKAT,1992,0,236
TRABZON,1992,1,237
TUNCELI,1992,4,238
USAK,1992,1,239
VAN,1992,0,240
YALOVA,1992,0,241
YOZGAT,1992,1,242
ZONGULDAK,1992,2,243
ADANA,1993,0,244
ADIYAMAN,1993,2,245
AFYONKARAHISAR,1993,23,246
AGRI,1993,0,247
AKSARAY,1993,0,248
AMASYA,1993,1,249
ANKARA,1993,4,250
ANTALYA,1993,13,251
ARDAHAN,1993,0,252
ARTVIN,1993,0,253
AYDIN,1993,3,254
BALIKESIR,1993,149,255
BARTIN,1993,0,256
BATMAN,1993,0,257
BAYBURT,1993,0,258
BILECIK,1993,6,259
BINGOL,1993,1,260
BITLIS,1993,0,261
BOLU,1993,4,262
BURDUR,1993,9,263
BURSA,1993,142,264
CANAKKALE,1993,46,265
CANKIRI,1993,2,266
CORUM,1993,5,267
DENIZLI,1993,25,268
DIYARBAKIR,1993,1,269
DUZCE,1993,0,270
EDIRNE,1993,0,271
ELAZIG,1993,0,272
ERZINCAN,1993,1,273
ERZURUM,1993,2,274
ESKISEHIR,1993,2,275
GAZIANTEP,1993,1,276
GIRESUN,1993,0,277
GUMUSHANE,1993,0,278
HAKKARI,1993,0,279
HATAY,1993,0,280
IGDIR,1993,0,281
ISPARTA,1993,10,282
ISTANBUL,1993,66,283
IZMIR,1993,111,284
KAHRAMANMARAS,1993,1,285
KARABUK,1993,0,286
KARAMAN,1993,1,287
KARS,1993,1,288
KASTAMONU,1993,1,289
KAYSERI,1993,0,290
KILIS,1993,0,291
KIRIKKALE,1993,0,292
KIRKLARELI,1993,11,293
KIRSEHIR,1993,0,294
KOCAELI,1993,28,295
KONYA,1993,0,296
KUTAHYA,1993,392,297
MALATYA,1993,0,298
MANISA,1993,855,299
MARDIN,1993,0,300
MERSIN,1993,0,301
MUGLA,1993,27,302
MUS,1993,0,303
NEVSEHIR,1993,0,304
NIGDE,1993,0,305
ORDU,1993,0,306
OSMANIYE,1993,1,307
RIZE,1993,0,308
SAKARYA,1993,19,309
SAMSUN,1993,1,310
SANLIURFA,1993,1,311
SIIRT,1993,0,312
SINOP,1993,0,313
SIRNAK,1993,0,314
SIVAS,1993,3,315
TEKIRDAG,1993,2,316
TOKAT,1993,4,317
TRABZON,1993,0,318
TUNCELI,1993,1,319
USAK,1993,12,320
VAN,1993,0,321
YALOVA,1993,11,322
YOZGAT,1993,1,323
ZONGULDAK,1993,0,324
ADANA,1994,3,325
ADIYAMAN,1994,0,326
AFYONKARAHISAR,1994,22,327
AGRI,1994,0,328
AKSARAY,1994,1,329
AMASYA,1994,0,330
ANKARA,1994,5,331
ANTALYA,1994,5,332
ARDAHAN,1994,0,333
ARTVIN,1994,0,334
AYDIN,1994,5,335
BALIKESIR,1994,163,336
BARTIN,1994,0,337
BATMAN,1994,0,338
BAYBURT,1994,1,339
BILECIK,1994,10,340
BINGOL,1994,2,341
BITLIS,1994,0,342
BOLU,1994,1,343
BURDUR,1994,14,344
BURSA,1994,144,345
CANAKKALE,1994,23,346
CANKIRI,1994,0,347
CORUM,1994,0,348
DENIZLI,1994,36,349
DIYARBAKIR,1994,1,350
DUZCE,1994,0,351
EDIRNE,1994,4,352
ELAZIG,1994,2,353
ERZINCAN,1994,1,354
ERZURUM,1994,1,355
ESKISEHIR,1994,5,356
GAZIANTEP,1994,0,357
GIRESUN,1994,0,358
GUMUSHANE,1994,0,359
HAKKARI,1994,0,360
HATAY,1994,1,361
IGDIR,1994,0,362
ISPARTA,1994,4,363
ISTANBUL,1994,36,364
IZMIR,1994,123,365
KAHRAMANMARAS,1994,1,366
KARABUK,1994,0,367
KARAMAN,1994,0,368
KARS,1994,1,369
KASTAMONU,1994,1,370
KAYSERI,1994,0,371
KILIS,1994,0,372
KIRIKKALE,1994,0,373
KIRKLARELI,1994,5,374
KIRSEHIR,1994,0,375
KOCAELI,1994,104,376
KONYA,1994,0,377
KUTAHYA,1994,494,378
MALATYA,1994,1,379
MANISA,1994,738,380
MARDIN,1994,0,381
MERSIN,1994,0,382
MUGLA,1994,86,383
MUS,1994,0,384
NEVSEHIR,1994,0,385
NIGDE,1994,0,386
ORDU,1994,0,387
OSMANIYE,1994,1,388
RIZE,1994,0,389
SAKARYA,1994,26,390
SAMSUN,1994,0,391
SANLIURFA,1994,0,392
SIIRT,1994,1,393
SINOP,1994,0,394
SIRNAK,1994,0,395
SIVAS,1994,0,396
TEKIRDAG,1994,0,397
TOKAT,1994,0,398
TRABZON,1994,0,399
TUNCELI,1994,0,400
USAK,1994,2,401
VAN,1994,0,402
YALOVA,1994,12,403
YOZGAT,1994,0,404
ZONGULDAK,1994,0,405
ADANA,1995,0,406
ADIYAMAN,1995,0,407
AFYONKARAHISAR,1995,60,408
AGRI,1995,0,409
AKSARAY,1995,0,410
AMASYA,1995,1,411
ANKARA,1995,1,412
ANTALYA,1995,5,413
ARDAHAN,1995,1,414
ARTVIN,1995,0,415
AYDIN,1995,3,416
BALIKESIR,1995,64,417
BARTIN,1995,0,418
BATMAN,1995,0,419
BAYBURT,1995,1,420
BILECIK,1995,6,421
BINGOL,1995,1,422
BITLIS,1995,0,423
BOLU,1995,0,424
BURDUR,1995,6,425
BURSA,1995,43,426
CANAKKALE,1995,4,427
CANKIRI,1995,2,428
CORUM,1995,1,429
DENIZLI,1995,31,430
DIYARBAKIR,1995,0,431
DUZCE,1995,3,432
EDIRNE,1995,0,433
ELAZIG,1995,0,434
ERZINCAN,1995,2,435
ERZURUM,1995,2,436
ESKISEHIR,1995,15,437
GAZIANTEP,1995,0,438
GIRESUN,1995,0,439
GUMUSHANE,1995,0,440
HAKKARI,1995,0,441
HATAY,1995,0,442
IGDIR,1995,0,443
ISPARTA,1995,3,444
ISTANBUL,1995,8,445
IZMIR,1995,43,446
KAHRAMANMARAS,1995,0,447
KARABUK,1995,1,448
KARAMAN,1995,0,449
KARS,1995,0,450
KASTAMONU,1995,0,451
KAYSERI,1995,0,452
KILIS,1995,0,453
KIRIKKALE,1995,0,454
KIRKLARELI,1995,0,455
KIRSEHIR,1995,0,456
KOCAELI,1995,13,457
KONYA,1995,1,458
KUTAHYA,1995,88,459
MALATYA,1995,1,460
MANISA,1995,123,461
MARDIN,1995,0,462
MERSIN,1995,2,463
MUGLA,1995,86,464
MUS,1995,3,465
NEVSEHIR,1995,0,466
NIGDE,1995,0,467
ORDU,1995,0,468
OSMANIYE,1995,2,469
RIZE,1995,0,470
SAKARYA,1995,3,471
SAMSUN,1995,0,472
SANLIURFA,1995,0,473
SIIRT,1995,1,474
SINOP,1995,0,475
SIRNAK,1995,0,476
SIVAS,1995,1,477
TEKIRDAG,1995,2,478
TOKAT,1995,0,479
TRABZON,1995,0,480
TUNCELI,1995,2,481
USAK,1995,1,482
VAN,1995,1,483
YALOVA,1995,4,484
YOZGAT,1995,0,485
ZONGULDAK,1995,0,486
ADANA,1996,0,487
ADIYAMAN,1996,0,488
AFYONKARAHISAR,1996,17,489
AGRI,1996,1,490
AKSARAY,1996,0,491
AMASYA,1996,10,492
ANKARA,1996,2,493
ANTALYA,1996,3,494
ARDAHAN,1996,0,495
ARTVIN,1996,0,496
AYDIN,1996,1,497
BALIKESIR,1996,42,498
BARTIN,1996,0,499
BATMAN,1996,0,500
BAYBURT,1996,0,501
BILECIK,1996,0,502
BINGOL,1996,3,503
BITLIS,1996,0,504
BOLU,1996,0,505
BURDUR,1996,2,506
BURSA,1996,19,507
CANAKKALE,1996,1,508
CANKIRI,1996,0,509
CORUM,1996,5,510
DENIZLI,1996,5,511
DIYARBAKIR,1996,1,512
DUZCE,1996,0,513
EDIRNE,1996,0,514
ELAZIG,1996,2,515
ERZINCAN,1996,0,516
ERZURUM,1996,3,517
ESKISEHIR,1996,0,518
GAZIANTEP,1996,1,519
GIRESUN,1996,0,520
GUMUSHANE,1996,1,521
HAKKARI,1996,0,522
HATAY,1996,0,523
IGDIR,1996,0,524
ISPARTA,1996,2,525
ISTANBUL,1996,0,526
IZMIR,1996,41,527
KAHRAMANMARAS,1996,3,528
KARABUK,1996,0,529
KARAMAN,1996,0,530
KARS,1996,1,531
KASTAMONU,1996,0,532
KAYSERI,1996,2,533
KILIS,1996,0,534
KIRIKKALE,1996,0,535
KIRKLARELI,1996,1,536
KIRSEHIR,1996,0,537
KOCAELI,1996,19,538
KONYA,1996,0,539
KUTAHYA,1996,36,540
MALATYA,1996,3,541
MANISA,1996,92,542
MARDIN,1996,0,543
MERSIN,1996,0,544
MUGLA,1996,17,545
MUS,1996,0,546
NEVSEHIR,1996,0,547
NIGDE,1996,0,548
ORDU,1996,0,549
OSMANIYE,1996,3,550
RIZE,1996,0,551
SAKARYA,1996,0,552
SAMSUN,1996,0,553
SANLIURFA,1996,0,554
SIIRT,1996,0,555
SINOP,1996,0,556
SIRNAK,1996,0,557
SIVAS,1996,2,558
TEKIRDAG,1996,2,559
TOKAT,1996,1,560
TRABZON,1996,0,561
TUNCELI,1996,0,562
USAK,1996,1,563
VAN,1996,2,564
YALOVA,1996,2,565
YOZGAT,1996,0,566
ZONGULDAK,1996,0,567
ADANA,1997,0,568
ADIYAMAN,1997,0,569
AFYONKARAHISAR,1997,0,570
AGRI,1997,0,571
AKSARAY,1997,0,572
AMASYA,1997,1,573
ANKARA,1997,0,574
ANTALYA,1997,1,575
ARDAHAN,1997,0,576
ARTVIN,1997,0,577
AYDIN,1997,5,578
BALIKESIR,1997,17,579
BARTIN,1997,0,580
BATMAN,1997,0,581
BAYBURT,1997,0,582
BILECIK,1997,1,583
BINGOL,1997,3,584
BITLIS,1997,3,585
BOLU,1997,0,586
BURDUR,1997,0,587
BURSA,1997,25,588
CANAKKALE,1997,6,589
CANKIRI,1997,1,590
CORUM,1997,0,591
DENIZLI,1997,17,592
DIYARBAKIR,1997,1,593
DUZCE,1997,0,594
EDIRNE,1997,0,595
ELAZIG,1997,0,596
ERZINCAN,1997,2,597
ERZURUM,1997,2,598
ESKISEHIR,1997,0,599
GAZIANTEP,1997,0,600
GIRESUN,1997,0,601
GUMUSHANE,1997,0,602
HAKKARI,1997,0,603
HATAY,1997,5,604
IGDIR,1997,0,605
ISPARTA,1997,2,606
ISTANBUL,1997,2,607
IZMIR,1997,12,608
KAHRAMANMARAS,1997,2,609
KARABUK,1997,0,610
KARAMAN,1997,0,611
KARS,1997,0,612
KASTAMONU,1997,0,613
KAYSERI,1997,0,614
KILIS,1997,0,615
KIRIKKALE,1997,0,616
KIRKLARELI,1997,0,617
KIRSEHIR,1997,0,618
KOCAELI,1997,24,619
KONYA,1997,0,620
KUTAHYA,1997,7,621
MALATYA,1997,0,622
MANISA,1997,50,623
MARDIN,1997,0,624
MERSIN,1997,0,625
MUGLA,1997,2,626
MUS,1997,0,627
NEVSEHIR,1997,0,628
NIGDE,1997,0,629
ORDU,1997,0,630
OSMANIYE,1997,0,631
RIZE,1997,0,632
SAKARYA,1997,7,633
SAMSUN,1997,0,634
SANLIURFA,1997,0,635
SIIRT,1997,0,636
SINOP,1997,0,637
SIRNAK,1997,0,638
SIVAS,1997,1,639
TEKIRDAG,1997,1,640
TOKAT,1997,0,641
TRABZON,1997,0,642
TUNCELI,1997,0,643
USAK,1997,1,644
VAN,1997,4,645
YALOVA,1997,1,646
YOZGAT,1997,0,647
ZONGULDAK,1997,0,648
ADANA,1998,39,649
ADIYAMAN,1998,5,650
AFYONKARAHISAR,1998,21,651
AGRI,1998,3,652
AKSARAY,1998,0,653
AMASYA,1998,5,654
ANKARA,1998,3,655
ANTALYA,1998,13,656
ARDAHAN,1998,0,657
ARTVIN,1998,0,658
AYDIN,1998,10,659
BALIKESIR,1998,109,660
BARTIN,1998,1,661
BATMAN,1998,0,662
BAYBURT,1998,0,663
BILECIK,1998,3,664
BINGOL,1998,8,665
BITLIS,1998,1,666
BOLU,1998,2,667
BURDUR,1998,9,668
BURSA,1998,82,669
CANAKKALE,1998,27,670
CANKIRI,1998,1,671
CORUM,1998,2,672
DENIZLI,1998,24,673
DIYARBAKIR,1998,0,674
DUZCE,1998,1,675
EDIRNE,1998,0,676
ELAZIG,1998,1,677
ERZINCAN,1998,1,678
ERZURUM,1998,7,679
ESKISEHIR,1998,2,680
GAZIANTEP,1998,0,681
GIRESUN,1998,0,682
GUMUSHANE,1998,1,683
HAKKARI,1998,0,684
HATAY,1998,2,685
IGDIR,1998,0,686
ISPARTA,1998,10,687
ISTANBUL,1998,14,688
IZMIR,1998,33,689
KAHRAMANMARAS,1998,1,690
KARABUK,1998,1,691
KARAMAN,1998,0,692
KARS,1998,0,693
KASTAMONU,1998,0,694
KAYSERI,1998,4,695
KILIS,1998,0,696
KIRIKKALE,1998,0,697
KIRKLARELI,1998,4,698
KIRSEHIR,1998,2,699
KOCAELI,1998,24,700
KONYA,1998,2,701
KUTAHYA,1998,240,702
MALATYA,1998,4,703
MANISA,1998,105,704
MARDIN,1998,0,705
MERSIN,1998,0,706
MUGLA,1998,22,707
MUS,1998,1,708
NEVSEHIR,1998,0,709
NIGDE,1998,3,710
ORDU,1998,0,711
OSMANIYE,1998,0,712
RIZE,1998,0,713
SAKARYA,1998,11,714
SAMSUN,1998,0,715
SANLIURFA,1998,0,716
SIIRT,1998,0,717
SINOP,1998,0,718
SIRNAK,1998,1,719
SIVAS,1998,0,720
TEKIRDAG,1998,6,721
TOKAT,1998,0,722
TRABZON,1998,0,723
TUNCELI,1998,1,724
USAK,1998,0,725
VAN,1998,0,726
YALOVA,1998,42,727
YOZGAT,1998,0,728
ZONGULDAK,1998,1,729
ADANA,1999,5,730
ADIYAMAN,1999,2,731
AFYONKARAHISAR,1999,12,732
AGRI,1999,0,733
AKSARAY,1999,0,734
AMASYA,1999,3,735
ANKARA,1999,7,736
ANTALYA,1999,8,737
ARDAHAN,1999,0,738
ARTVIN,1999,0,739
AYDIN,1999,8,740
BALIKESIR,1999,92,741
BARTIN,1999,0,742
BATMAN,1999,1,743
BAYBURT,1999,0,744
BILECIK,1999,5,745
BINGOL,1999,1,746
BITLIS,1999,0,747
BOLU,1999,27,748
BURDUR,1999,3,749
BURSA,1999,73,750
CANAKKALE,1999,12,751
CANKIRI,1999,18,752
CORUM,1999,4,753
DENIZLI,1999,15,754
DIYARBAKIR,1999,0,755
DUZCE,1999,67,756
EDIRNE,1999,0,757
ELAZIG,1999,8,758
ERZINCAN,1999,2,759
ERZURUM,1999,4,760
ESKISEHIR,1999,4,761
GAZIANTEP,1999,0,762
GIRESUN,1999,0,763
GUMUSHANE,1999,0,764
HAKKARI,1999,0,765
HATAY,1999,0,766
IGDIR,1999,0,767
ISPARTA,1999,4,768
ISTANBUL,1999,19,769
IZMIR,1999,74,770
KAHRAMANMARAS,1999,1,771
KARABUK,1999,1,772
KARAMAN,1999,0,773
KARS,1999,4,774
KASTAMONU,1999,5,775
KAYSERI,1999,0,776
KILIS,1999,0,777
KIRIKKALE,1999,0,778
KIRKLARELI,1999,0,779
KIRSEHIR,1999,0,780
KOCAELI,1999,71,781
KONYA,1999,4,782
KUTAHYA,1999,114,783
MALATYA,1999,0,784
MANISA,1999,184,785
MARDIN,1999,0,786
MERSIN,1999,0,787
MUGLA,1999,49,788
MUS,1999,1,789
NEVSEHIR,1999,0,790
NIGDE,1999,0,791
ORDU,1999,0,792
OSMANIYE,1999,1,793
RIZE,1999,0,794
SAKARYA,1999,79,795
SAMSUN,1999,1,796
SANLIURFA,1999,1,797
SIIRT,1999,0,798
SINOP,1999,1,799
SIRNAK,1999,0,800
SIVAS,1999,8,801
TEKIRDAG,1999,2,802
TOKAT,1999,1,803
TRABZON,1999,0,804
TUNCELI,1999,1,805
USAK,1999,3,806
VAN,1999,0,807
YALOVA,1999,33,808
YOZGAT,1999,0,809
ZONGULDAK,1999,0,810
ADANA,2000,3,811
ADIYAMAN,2000,0,812
AFYONKARAHISAR,2000,2,813
AGRI,2000,0,814
AKSARAY,2000,0,815
AMASYA,2000,0,816
ANKARA,2000,1,817
ANTALYA,2000,2,818
ARDAHAN,2000,0,819
ARTVIN,2000,0,820
AYDIN,2000,9,821
BALIKESIR,2000,17,822
BARTIN,2000,0,823
BATMAN,2000,0,824
BAYBURT,2000,0,825
BILECIK,2000,0,826
BINGOL,2000,1,827
BITLIS,2000,0,828
BOLU,2000,6,829
BURDUR,2000,0,830
BURSA,2000,12,831
CANAKKALE,2000,4,832
CANKIRI,2000,19,833
CORUM,2000,2,834
DENIZLI,2000,20,835
DIYARBAKIR,2000,0,836
DUZCE,2000,13,837
EDIRNE,2000,0,838
ELAZIG,2000,1,839
ERZINCAN,2000,1,840
ERZURUM,2000,4,841
ESKISEHIR,2000,1,842
GAZIANTEP,2000,1,843
GIRESUN,2000,0,844
GUMUSHANE,2000,0,845
HAKKARI,2000,3,846
HATAY,2000,0,847
IGDIR,2000,0,848
ISPARTA,2000,0,849
ISTANBUL,2000,4,850
IZMIR,2000,10,851
KAHRAMANMARAS,2000,3,852
KARABUK,2000,0,853
KARAMAN,2000,2,854
KARS,2000,0,855
KASTAMONU,2000,0,856
KAYSERI,2000,0,857
KILIS,2000,0,858
KIRIKKALE,2000,0,859
KIRKLARELI,2000,0,860
KIRSEHIR,2000,0,861
KOCAELI,2000,5,862
KONYA,2000,3,863
KUTAHYA,2000,11,864
MALATYA,2000,2,865
MANISA,2000,7,866
MARDIN,2000,0,867
MERSIN,2000,2,868
MUGLA,2000,5,869
MUS,2000,0,870
NEVSEHIR,2000,0,871
NIGDE,2000,0,872
ORDU,2000,0,873
OSMANIYE,2000,2,874
RIZE,2000,0,875
SAKARYA,2000,13,876
SAMSUN,2000,0,877
SANLIURFA,2000,0,878
SIIRT,2000,0,879
SINOP,2000,0,880
SIRNAK,2000,1,881
SIVAS,2000,0,882
TEKIRDAG,2000,0,883
TOKAT,2000,0,884
TRABZON,2000,0,885
TUNCELI,2000,0,886
USAK,2000,0,887
VAN,2000,6,888
YALOVA,2000,4,889
YOZGAT,2000,0,890
ZONGULDAK,2000,1,891
ADANA,2001,2,892
ADIYAMAN,2001,2,893
AFYONKARAHISAR,2001,8,894
AGRI,2001,1,895
AKSARAY,2001,1,896
AMASYA,2001,2,897
ANKARA,2001,1,898
ANTALYA,2001,4,899
ARDAHAN,2001,0,900
ARTVIN,2001,0,901
AYDIN,2001,3,902
BALIKESIR,2001,52,903
BARTIN,2001,0,904
BATMAN,2001,0,905
BAYBURT,2001,0,906
BILECIK,2001,1,907
BINGOL,2001,0,908
BITLIS,2001,2,909
BOLU,2001,3,910
BURDUR,2001,4,911
BURSA,2001,9,912
CANAKKALE,2001,15,913
CANKIRI,2001,7,914
CORUM,2001,0,915
DENIZLI,2001,5,916
DIYARBAKIR,2001,4,917
DUZCE,2001,7,918
EDIRNE,2001,0,919
ELAZIG,2001,2,920
ERZINCAN,2001,0,921
ERZURUM,2001,6,922
ESKISEHIR,2001,1,923
GAZIANTEP,2001,0,924
GIRESUN,2001,0,925
GUMUSHANE,2001,0,926
HAKKARI,2001,1,927
HATAY,2001,0,928
IGDIR,2001,1,929
ISPARTA,2001,0,930
ISTANBUL,2001,0,931
IZMIR,2001,28,932
KAHRAMANMARAS,2001,0,933
KARABUK,2001,0,934
KARAMAN,2001,0,935
KARS,2001,0,936
KASTAMONU,2001,1,937
KAYSERI,2001,1,938
KILIS,2001,0,939
KIRIKKALE,2001,2,940
KIRKLARELI,2001,0,941
KIRSEHIR,2001,0,942
KOCAELI,2001,3,943
KONYA,2001,1,944
KUTAHYA,2001,24,945
MALATYA,2001,0,946
MANISA,2001,32,947
MARDIN,2001,0,948
MERSIN,2001,2,949
MUGLA,2001,5,950
MUS,2001,2,951
NEVSEHIR,2001,0,952
NIGDE,2001,0,953
ORDU,2001,0,954
OSMANIYE,2001,5,955
RIZE,2001,0,956
SAKARYA,2001,12,957
SAMSUN,2001,0,958
SANLIURFA,2001,0,959
SIIRT,2001,1,960
SINOP,2001,0,961
SIRNAK,2001,0,962
SIVAS,2001,2,963
TEKIRDAG,2001,2,964
TOKAT,2001,1,965
TRABZON,2001,0,966
TUNCELI,2001,0,967
USAK,2001,0,968
VAN,2001,2,969
YALOVA,2001,5,970
YOZGAT,2001,1,971
ZONGULDAK,2001,0,972
ADANA,2002,0,973
ADIYAMAN,2002,1,974
AFYONKARAHISAR,2002,24,975
AGRI,2002,0,976
AKSARAY,2002,0,977
AMASYA,2002,0,978
ANKARA,2002,0,979
ANTALYA,2002,5,980
ARDAHAN,2002,1,981
ARTVIN,2002,0,982
AYDIN,2002,2,983
BALIKESIR,2002,4,984
BARTIN,2002,0,985
BATMAN,2002,0,986
BAYBURT,2002,0,987
BILECIK,2002,1,988
BINGOL,2002,1,989
BITLIS,2002,0,990
BOLU,2002,0,991
BURDUR,2002,0,992
BURSA,2002,2,993
CANAKKALE,2002,2,994
CANKIRI,2002,4,995
CORUM,2002,0,996
DENIZLI,2002,1,997
DIYARBAKIR,2002,0,998
DUZCE,2002,0,999
EDIRNE,2002,1,1000
ELAZIG,2002,0,1001
ERZINCAN,2002,1,1002
ERZURUM,2002,0,1003
ESKISEHIR,2002,0,1004
GAZIANTEP,2002,0,1005
GIRESUN,2002,0,1006
GUMUSHANE,2002,0,1007
HAKKARI,2002,0,1008
HATAY,2002,0,1009
IGDIR,2002,0,1010
ISPARTA,2002,3,1011
ISTANBUL,2002,0,1012
IZMIR,2002,12,1013
KAHRAMANMARAS,2002,1,1014
KARABUK,2002,0,1015
KARAMAN,2002,0,1016
KARS,2002,0,1017
KASTAMONU,2002,0,1018
KAYSERI,2002,0,1019
KILIS,2002,0,1020
KIRIKKALE,2002,0,1021
KIRKLARELI,2002,0,1022
KIRSEHIR,2002,0,1023
KOCAELI,2002,2,1024
KONYA,2002,2,1025
KUTAHYA,2002,0,1026
MALATYA,2002,0,1027
MANISA,2002,10,1028
MARDIN,2002,0,1029
MERSIN,2002,0,1030
MUGLA,2002,3,1031
MUS,2002,0,1032
NEVSEHIR,2002,0,1033
NIGDE,2002,0,1034
ORDU,2002,0,1035
OSMANIYE,2002,1,1036
RIZE,2002,0,1037
SAKARYA,2002,0,1038
SAMSUN,2002,0,1039
SANLIURFA,2002,0,1040
SIIRT,2002,0,1041
SINOP,2002,0,1042
SIRNAK,2002,1,1043
SIVAS,2002,0,1044
TEKIRDAG,2002,0,1045
TOKAT,2002,0,1046
TRABZON,2002,0,1047
TUNCELI,2002,1,1048
USAK,2002,0,1049
VAN,2002,1,1050
YALOVA,2002,0,1051
YOZGAT,2002,1,1052
ZONGULDAK,2002,1,1053
ADANA,2003,1,1054
ADIYAMAN,2003,1,1055
AFYONKARAHISAR,2003,1,1056
AGRI,2003,0,1057
AKSARAY,2003,1,1058
AMASYA,2003,1,1059
ANKARA,2003,4,1060
ANTALYA,2003,4,1061
ARDAHAN,2003,0,1062
ARTVIN,2003,0,1063
AYDIN,2003,1,1064
BALIKESIR,2003,11,1065
BARTIN,2003,0,1066
BATMAN,2003,0,1067
BAYBURT,2003,0,1068
BILECIK,2003,0,1069
BINGOL,2003,12,1070
BITLIS,2003,0,1071
BOLU,2003,2,1072
BURDUR,2003,0,1073
BURSA,2003,4,1074
CANAKKALE,2003,6,1075
CANKIRI,2003,0,1076
CORUM,2003,0,1077
DENIZLI,2003,9,1078
DIYARBAKIR,2003,0,1079
DUZCE,2003,1,1080
EDIRNE,2003,0,1081
ELAZIG,2003,0,1082
ERZINCAN,2003,2,1083
ERZURUM,2003,0,1084
ESKISEHIR,2003,1,1085
GAZIANTEP,2003,0,1086
GIRESUN,2003,0,1087
GUMUSHANE,2003,0,1088
HAKKARI,2003,0,1089
HATAY,2003,0,1090
IGDIR,2003,0,1091
ISPARTA,2003,1,1092
ISTANBUL,2003,0,1093
IZMIR,2003,27,1094
KAHRAMANMARAS,2003,1,1095
KARABUK,2003,0,1096
KARAMAN,2003,0,1097
KARS,2003,0,1098
KASTAMONU,2003,0,1099
KAYSERI,2003,0,1100
KILIS,2003,0,1101
KIRIKKALE,2003,0,1102
KIRKLARELI,2003,0,1103
KIRSEHIR,2003,0,1104
KOCAELI,2003,0,1105
KONYA,2003,0,1106
KUTAHYA,2003,0,1107
MALATYA,2003,2,1108
MANISA,2003,7,1109
MARDIN,2003,0,1110
MERSIN,2003,0,1111
MUGLA,2003,10,1112
MUS,2003,0,1113
NEVSEHIR,2003,0,1114
NIGDE,2003,0,1115
ORDU,2003,0,1116
OSMANIYE,2003,1,1117
RIZE,2003,0,1118
SAKARYA,2003,3,1119
SAMSUN,2003,0,1120
SANLIURFA,2003,0,1121
SIIRT,2003,0,1122
SINOP,2003,0,1123
SIRNAK,2003,1,1124
SIVAS,2003,0,1125
TEKIRDAG,2003,0,1126
TOKAT,2003,0,1127
TRABZON,2003,0,1128
TUNCELI,2003,1,1129
USAK,2003,1,1130
VAN,2003,2,1131
YALOVA,2003,0,1132
YOZGAT,2003,0,1133
ZONGULDAK,2003,2,1134
ADANA,2004,6,1135
ADIYAMAN,2004,3,1136
AFYONKARAHISAR,2004,17,1137
AGRI,2004,3,1138
AKSARAY,2004,0,1139
AMASYA,2004,2,1140
ANKARA,2004,20,1141
ANTALYA,2004,7,1142
ARDAHAN,2004,0,1143
ARTVIN,2004,0,1144
AYDIN,2004,11,1145
BALIKESIR,2004,17,1146
BARTIN,2004,0,1147
BATMAN,2004,0,1148
BAYBURT,2004,0,1149
BILECIK,2004,0,1150
BINGOL,2004,11,1151
BITLIS,2004,0,1152
BOLU,2004,3,1153
BURDUR,2004,3,1154
BURSA,2004,10,1155
CANAKKALE,2004,6,1156
CANKIRI,2004,9,1157
CORUM,2004,12,1158
DENIZLI,2004,22,1159
DIYARBAKIR,2004,1,1160
DUZCE,2004,2,1161
EDIRNE,2004,2,1162
ELAZIG,2004,17,1163
ERZINCAN,2004,9,1164
ERZURUM,2004,17,1165
ESKISEHIR,2004,3,1166
GAZIANTEP,2004,0,1167
GIRESUN,2004,1,1168
GUMUSHANE,2004,2,1169
HAKKARI,2004,1,1170
HATAY,2004,0,1171
IGDIR,2004,4,1172
ISPARTA,2004,4,1173
ISTANBUL,2004,14,1174
IZMIR,2004,12,1175
KAHRAMANMARAS,2004,6,1176
KARABUK,2004,1,1177
KARAMAN,2004,0,1178
KARS,2004,0,1179
KASTAMONU,2004,0,1180
KAYSERI,2004,4,1181
KILIS,2004,0,1182
KIRIKKALE,2004,1,1183
KIRKLARELI,2004,0,1184
KIRSEHIR,2004,3,1185
KOCAELI,2004,8,1186
KONYA,2004,6,1187
KUTAHYA,2004,38,1188
MALATYA,2004,6,1189
MANISA,2004,56,1190
MARDIN,2004,0,1191
MERSIN,2004,3,1192
MUGLA,2004,80,1193
MUS,2004,1,1194
NEVSEHIR,2004,0,1195
NIGDE,2004,0,1196
ORDU,2004,2,1197
OSMANIYE,2004,7,1198
RIZE,2004,0,1199
SAKARYA,2004,4,1200
SAMSUN,2004,3,1201
SANLIURFA,2004,1,1202
SIIRT,2004,0,1203
SINOP,2004,0,1204
SIRNAK,2004,0,1205
SIVAS,2004,5,1206
TEKIRDAG,2004,3,1207
TOKAT,2004,1,1208
TRABZON,2004,0,1209
TUNCELI,2004,5,1210
USAK,2004,1,1211
VAN,2004,3,1212
YALOVA,2004,7,1213
YOZGAT,2004,0,1214
ZONGULDAK,2004,0,1215
ADANA,2005,3,1216
ADIYAMAN,2005,0,1217
AFYONKARAHISAR,2005,15,1218
AGRI,2005,0,1219
AKSARAY,2005,0,1220
AMASYA,2005,0,1221
ANKARA,2005,18,1222
ANTALYA,2005,9,1223
ARDAHAN,2005,1,1224
ARTVIN,2005,0,1225
AYDIN,2005,10,1226
BALIKESIR,2005,23,1227
BARTIN,2005,0,1228
BATMAN,2005,0,1229
BAYBURT,2005,0,1230
BILECIK,2005,0,1231
BINGOL,2005,26,1232
BITLIS,2005,1,1233
BOLU,2005,1,1234
BURDUR,2005,6,1235
BURSA,2005,6,1236
CANAKKALE,2005,6,1237
CANKIRI,2005,11,1238
CORUM,2005,3,1239
DENIZLI,2005,12,1240
DIYARBAKIR,2005,0,1241
DUZCE,2005,2,1242
EDIRNE,2005,0,1243
ELAZIG,2005,17,1244
ERZINCAN,2005,1,1245
ERZURUM,2005,16,1246
ESKISEHIR,2005,1,1247
GAZIANTEP,2005,0,1248
GIRESUN,2005,1,1249
GUMUSHANE,2005,0,1250
HAKKARI,2005,13,1251
HATAY,2005,0,1252
IGDIR,2005,3,1253
ISPARTA,2005,6,1254
ISTANBUL,2005,0,1255
IZMIR,2005,188,1256
KAHRAMANMARAS,2005,0,1257
KARABUK,2005,2,1258
KARAMAN,2005,0,1259
KARS,2005,0,1260
KASTAMONU,2005,7,1261
KAYSERI,2005,2,1262
KILIS,2005,0,1263
KIRIKKALE,2005,1,1264
KIRKLARELI,2005,0,1265
KIRSEHIR,2005,1,1266
KOCAELI,2005,1,1267
KONYA,2005,7,1268
KUTAHYA,2005,12,1269
MALATYA,2005,6,1270
MANISA,2005,40,1271
MARDIN,2005,0,1272
MERSIN,2005,0,1273
MUGLA,2005,46,1274
MUS,2005,1,1275
NEVSEHIR,2005,0,1276
NIGDE,2005,0,1277
ORDU,2005,0,1278
OSMANIYE,2005,3,1279
RIZE,2005,0,1280
SAKARYA,2005,4,1281
SAMSUN,2005,1,1282
SANLIURFA,2005,2,1283
SIIRT,2005,0,1284
SINOP,2005,0,1285
SIRNAK,2005,1,1286
SIVAS,2005,2,1287
TEKIRDAG,2005,3,1288
TOKAT,2005,7,1289
TRABZON,2005,1,1290
TUNCELI,2005,0,1291
USAK,2005,0,1292
VAN,2005,8,1293
YALOVA,2005,0,1294
YOZGAT,2005,0,1295
ZONGULDAK,2005,1,1296
ADANA,2006,1,1297
ADIYAMAN,2006,3,1298
AFYONKARAHISAR,2006,8,1299
AGRI,2006,2,1300
AKSARAY,2006,0,1301
AMASYA,2006,4,1302
ANKARA,2006,19,1303
ANTALYA,2006,7,1304
ARDAHAN,2006,0,1305
ARTVIN,2006,0,1306
AYDIN,2006,11,1307
BALIKESIR,2006,20,1308
BARTIN,2006,1,1309
BATMAN,2006,1,1310
BAYBURT,2006,0,1311
BILECIK,2006,0,1312
BINGOL,2006,8,1313
BITLIS,2006,5,1314
BOLU,2006,4,1315
BURDUR,2006,3,1316
BURSA,2006,7,1317
CANAKKALE,2006,12,1318
CANKIRI,2006,5,1319
CORUM,2006,6,1320
DENIZLI,2006,10,1321
DIYARBAKIR,2006,0,1322
DUZCE,2006,2,1323
EDIRNE,2006,0,1324
ELAZIG,2006,6,1325
ERZINCAN,2006,12,1326
ERZURUM,2006,9,1327
ESKISEHIR,2006,1,1328
GAZIANTEP,2006,2,1329
GIRESUN,2006,0,1330
GUMUSHANE,2006,0,1331
HAKKARI,2006,2,1332
HATAY,2006,1,1333
IGDIR,2006,0,1334
ISPARTA,2006,1,1335
ISTANBUL,2006,0,1336
IZMIR,2006,38,1337
KAHRAMANMARAS,2006,4,1338
KARABUK,2006,0,1339
KARAMAN,2006,0,1340
KARS,2006,1,1341
KASTAMONU,2006,1,1342
KAYSERI,2006,7,1343
KILIS,2006,0,1344
KIRIKKALE,2006,1,1345
KIRKLARELI,2006,0,1346
KIRSEHIR,2006,0,1347
KOCAELI,2006,0,1348
KONYA,2006,6,1349
KUTAHYA,2006,5,1350
MALATYA,2006,2,1351
MANISA,2006,18,1352
MARDIN,2006,0,1353
MERSIN,2006,2,1354
MUGLA,2006,61,1355
MUS,2006,2,1356
NEVSEHIR,2006,0,1357
NIGDE,2006,1,1358
ORDU,2006,0,1359
OSMANIYE,2006,4,1360
RIZE,2006,0,1361
SAKARYA,2006,6,1362
SAMSUN,2006,0,1363
SANLIURFA,2006,4,1364
SIIRT,2006,0,1365
SINOP,2006,1,1366
SIRNAK,2006,0,1367
SIVAS,2006,4,1368
TEKIRDAG,2006,0,1369
TOKAT,2006,1,1370
TRABZON,2006,0,1371
TUNCELI,2006,1,1372
USAK,2006,0,1373
VAN,2006,3,1374
YALOVA,2006,3,1375
YOZGAT,2006,1,1376
ZONGULDAK,2006,0,1377
ADANA,2007,6,1378
ADIYAMAN,2007,0,1379
AFYONKARAHISAR,2007,2,1380
AGRI,2007,4,1381
AKSARAY,2007,0,1382
AMASYA,2007,0,1383
ANKARA,2007,7,1384
ANTALYA,2007,8,1385
ARDAHAN,2007,0,1386
ARTVIN,2007,0,1387
AYDIN,2007,9,1388
BALIKESIR,2007,16,1389
BARTIN,2007,0,1390
BATMAN,2007,0,1391
BAYBURT,2007,1,1392
BILECIK,2007,0,1393
BINGOL,2007,14,1394
BITLIS,2007,3,1395
BOLU,2007,1,1396
BURDUR,2007,6,1397
BURSA,2007,2,1398
CANAKKALE,2007,7,1399
CANKIRI,2007,0,1400
CORUM,2007,0,1401
DENIZLI,2007,53,1402
DIYARBAKIR,2007,7,1403
DUZCE,2007,1,1404
EDIRNE,2007,0,1405
ELAZIG,2007,14,1406
ERZINCAN,2007,4,1407
ERZURUM,2007,6,1408
ESKISEHIR,2007,1,1409
GAZIANTEP,2007,0,1410
GIRESUN,2007,0,1411
GUMUSHANE,2007,0,1412
HAKKARI,2007,2,1413
HATAY,2007,0,1414
IGDIR,2007,0,1415
ISPARTA,2007,42,1416
ISTANBUL,2007,0,1417
IZMIR,2007,36,1418
KAHRAMANMARAS,2007,3,1419
KARABUK,2007,0,1420
KARAMAN,2007,2,1421
KARS,2007,0,1422
KASTAMONU,2007,1,1423
KAYSERI,2007,0,1424
KILIS,2007,0,1425
KIRIKKALE,2007,3,1426
KIRKLARELI,2007,0,1427
KIRSEHIR,2007,0,1428
KOCAELI,2007,1,1429
KONYA,2007,3,1430
KUTAHYA,2007,6,1431
MALATYA,2007,4,1432
MANISA,2007,11,1433
MARDIN,2007,0,1434
MERSIN,2007,3,1435
MUGLA,2007,23,1436
MUS,2007,1,1437
NEVSEHIR,2007,0,1438
NIGDE,2007,1,1439
ORDU,2007,0,1440
OSMANIYE,2007,2,1441
RIZE,2007,0,1442
SAKARYA,2007,2,1443
SAMSUN,2007,0,1444
SANLIURFA,2007,1,1445
SIIRT,2007,0,1446
SINOP,2007,0,1447
SIRNAK,2007,0,1448
SIVAS,2007,2,1449
TEKIRDAG,2007,0,1450
TOKAT,2007,0,1451
TRABZON,2007,0,1452
TUNCELI,2007,0,1453
USAK,2007,0,1454
VAN,2007,2,1455
YALOVA,2007,0,1456
YOZGAT,2007,0,1457
ZONGULDAK,2007,0,1458
ADANA,2008,3,1459
ADIYAMAN,2008,2,1460
AFYONKARAHISAR,2008,0,1461
AGRI,2008,0,1462
AKSARAY,2008,0,1463
AMASYA,2008,0,1464
ANKARA,2008,8,1465
ANTALYA,2008,9,1466
ARDAHAN,2008,0,1467
ARTVIN,2008,0,1468
AYDIN,2008,9,1469
BALIKESIR,2008,9,1470
BARTIN,2008,0,1471
BATMAN,2008,0,1472
BAYBURT,2008,0,1473
BILECIK,2008,0,1474
BINGOL,2008,1,1475
BITLIS,2008,0,1476
BOLU,2008,3,1477
BURDUR,2008,1,1478
BURSA,2008,1,1479
CANAKKALE,2008,14,1480
CANKIRI,2008,0,1481
CORUM,2008,6,1482
DENIZLI,2008,88,1483
DIYARBAKIR,2008,0,1484
DUZCE,2008,0,1485
EDIRNE,2008,0,1486
ELAZIG,2008,0,1487
ERZINCAN,2008,5,1488
ERZURUM,2008,4,1489
ESKISEHIR,2008,0,1490
GAZIANTEP,2008,0,1491
GIRESUN,2008,0,1492
GUMUSHANE,2008,0,1493
HAKKARI,2008,6,1494
HATAY,2008,1,1495
IGDIR,2008,0,1496
ISPARTA,2008,1,1497
ISTANBUL,2008,0,1498
IZMIR,2008,18,1499
KAHRAMANMARAS,2008,1,1500
KARABUK,2008,0,1501
KARAMAN,2008,0,1502
KARS,2008,1,1503
KASTAMONU,2008,0,1504
KAYSERI,2008,2,1505
KILIS,2008,0,1506
KIRIKKALE,2008,1,1507
KIRKLARELI,2008,0,1508
KIRSEHIR,2008,0,1509
KOCAELI,2008,0,1510
KONYA,2008,0,1511
KUTAHYA,2008,2,1512
MALATYA,2008,0,1513
MANISA,2008,9,1514
MARDIN,2008,0,1515
MERSIN,2008,0,1516
MUGLA,2008,17,1517
MUS,2008,3,1518
NEVSEHIR,2008,0,1519
NIGDE,2008,0,1520
ORDU,2008,0,1521
OSMANIYE,2008,0,1522
RIZE,2008,0,1523
SAKARYA,2008,1,1524
SAMSUN,2008,0,1525
SANLIURFA,2008,1,1526
SIIRT,2008,0,1527
SINOP,2008,0,1528
SIRNAK,2008,0,1529
SIVAS,2008,0,1530
TEKIRDAG,2008,1,1531
TOKAT,2008,1,1532
TRABZON,2008,0,1533
TUNCELI,2008,1,1534
USAK,2008,0,1535
VAN,2008,1,1536
YALOVA,2008,1,1537
YOZGAT,2008,0,1538
ZONGULDAK,2008,0,1539
ADANA,2009,1,1540
ADIYAMAN,2009,0,1541
AFYONKARAHISAR,2009,0,1542
AGRI,2009,0,1543
AKSARAY,2009,0,1544
AMASYA,2009,0,1545
ANKARA,2009,0,1546
ANTALYA,2009,0,1547
ARDAHAN,2009,0,1548
ARTVIN,2009,0,1549
AYDIN,2009,5,1550
BALIKESIR,2009,0,1551
BARTIN,2009,0,1552
BATMAN,2009,0,1553
BAYBURT,2009,0,1554
BILECIK,2009,0,1555
BINGOL,2009,0,1556
BITLIS,2009,0,1557
BOLU,2009,0,1558
BURDUR,2009,1,1559
BURSA,2009,0,1560
CANAKKALE,2009,1,1561
CANKIRI,2009,0,1562
CORUM,2009,0,1563
DENIZLI,2009,1,1564
DIYARBAKIR,2009,0,1565
DUZCE,2009,0,1566
EDIRNE,2009,0,1567
ELAZIG,2009,0,1568
ERZINCAN,2009,1,1569
ERZURUM,2009,1,1570
ESKISEHIR,2009,0,1571
GAZIANTEP,2009,0,1572
GIRESUN,2009,0,1573
GUMUSHANE,2009,0,1574
HAKKARI,2009,0,1575
HATAY,2009,1,1576
IGDIR,2009,0,1577
ISPARTA,2009,0,1578
ISTANBUL,2009,0,1579
IZMIR,2009,0,1580
KAHRAMANMARAS,2009,0,1581
KARABUK,2009,0,1582
KARAMAN,2009,0,1583
KARS,2009,0,1584
KASTAMONU,2009,1,1585
KAYSERI,2009,0,1586
KILIS,2009,0,1587
KIRIKKALE,2009,0,1588
KIRKLARELI,2009,0,1589
KIRSEHIR,2009,0,1590
KOCAELI,2009,0,1591
KONYA,2009,2,1592
KUTAHYA,2009,1,1593
MALATYA,2009,1,1594
MANISA,2009,0,1595
MARDIN,2009,0,1596
MERSIN,2009,0,1597
MUGLA,2009,0,1598
MUS,2009,1,1599
NEVSEHIR,2009,0,1600
NIGDE,2009,0,1601
ORDU,2009,0,1602
OSMANIYE,2009,1,1603
RIZE,2009,0,1604
SAKARYA,2009,0,1605
SAMSUN,2009,0,1606
SANLIURFA,2009,0,1607
SIIRT,2009,0,1608
SINOP,2009,0,1609
SIRNAK,2009,0,1610
SIVAS,2009,0,1611
TEKIRDAG,2009,0,1612
TOKAT,2009,0,1613
TRABZON,2009,0,1614
TUNCELI,2009,0,1615
USAK,2009,0,1616
VAN,2009,0,1617
YALOVA,2009,0,1618
YOZGAT,2009,0,1619
ZONGULDAK,2009,0,1620
ADANA,2010,1,1621
ADIYAMAN,2010,1,1622
AFYONKARAHISAR,2010,0,1623
AGRI,2010,0,1624
AKSARAY,2010,0,1625
AMASYA,2010,0,1626
ANKARA,2010,2,1627
ANTALYA,2010,3,1628
ARDAHAN,2010,0,1629
ARTVIN,2010,0,1630
AYDIN,2010,1,1631
BALIKESIR,2010,1,1632
BARTIN,2010,0,1633
BATMAN,2010,0,1634
BAYBURT,2010,0,1635
BILECIK,2010,0,1636
BINGOL,2010,1,1637
BITLIS,2010,0,1638
BOLU,2010,0,1639
BURDUR,2010,0,1640
BURSA,2010,0,1641
CANAKKALE,2010,0,1642
CANKIRI,2010,0,1643
CORUM,2010,1,1644
DENIZLI,2010,0,1645
DIYARBAKIR,2010,0,1646
DUZCE,2010,0,1647
EDIRNE,2010,0,1648
ELAZIG,2010,10,1649
ERZINCAN,2010,1,1650
ERZURUM,2010,0,1651
ESKISEHIR,2010,0,1652
GAZIANTEP,2010,0,1653
GIRESUN,2010,0,1654
GUMUSHANE,2010,0,1655
HAKKARI,2010,0,1656
HATAY,2010,0,1657
IGDIR,2010,0,1658
ISPARTA,2010,0,1659
ISTANBUL,2010,0,1660
IZMIR,2010,3,1661
KAHRAMANMARAS,2010,0,1662
KARABUK,2010,0,1663
KARAMAN,2010,0,1664
KARS,2010,0,1665
KASTAMONU,2010,0,1666
KAYSERI,2010,0,1667
KILIS,2010,0,1668
KIRIKKALE,2010,0,1669
KIRKLARELI,2010,0,1670
KIRSEHIR,2010,0,1671
KOCAELI,2010,0,1672
KONYA,2010,0,1673
KUTAHYA,2010,1,1674
MALATYA,2010,0,1675
MANISA,2010,0,1676
MARDIN,2010,0,1677
MERSIN,2010,0,1678
MUGLA,2010,1,1679
MUS,2010,1,1680
NEVSEHIR,2010,0,1681
NIGDE,2010,0,1682
ORDU,2010,0,1683
OSMANIYE,2010,1,1684
RIZE,2010,0,1685
SAKARYA,2010,0,1686
SAMSUN,2010,0,1687
SANLIURFA,2010,0,1688
SIIRT,2010,0,1689
SINOP,2010,0,1690
SIRNAK,2010,0,1691
SIVAS,2010,2,1692
TEKIRDAG,2010,0,1693
TOKAT,2010,0,1694
TRABZON,2010,0,1695
TUNCELI,2010,2,1696
USAK,2010,0,1697
VAN,2010,0,1698
YALOVA,2010,0,1699
YOZGAT,2010,0,1700
ZONGULDAK,2010,0,1701
ADANA,2011,2,1702
ADIYAMAN,2011,0,1703
AFYONKARAHISAR,2011,1,1704
AGRI,2011,0,1705
AKSARAY,2011,0,1706
AMASYA,2011,0,1707
ANKARA,2011,0,1708
ANTALYA,2011,0,1709
ARDAHAN,2011,0,1710
ARTVIN,2011,0,1711
AYDIN,2011,1,1712
BALIKESIR,2011,2,1713
BARTIN,2011,0,1714
BATMAN,2011,0,1715
BAYBURT,2011,0,1716
BILECIK,2011,1,1717
BINGOL,2011,2,1718
BITLIS,2011,2,1719
BOLU,2011,0,1720
BURDUR,2011,1,1721
BURSA,2011,0,1722
CANAKKALE,2011,0,1723
CANKIRI,2011,0,1724
CORUM,2011,0,1725
DENIZLI,2011,1,1726
DIYARBAKIR,2011,0,1727
DUZCE,2011,0,1728
EDIRNE,2011,0,1729
ELAZIG,2011,2,1730
ERZINCAN,2011,3,1731
ERZURUM,2011,0,1732
ESKISEHIR,2011,0,1733
GAZIANTEP,2011,0,1734
GIRESUN,2011,0,1735
GUMUSHANE,2011,0,1736
HAKKARI,2011,2,1737
HATAY,2011,0,1738
IGDIR,2011,0,1739
ISPARTA,2011,0,1740
ISTANBUL,2011,0,1741
IZMIR,2011,0,1742
KAHRAMANMARAS,2011,1,1743
KARABUK,2011,0,1744
KARAMAN,2011,0,1745
KARS,2011,0,1746
KASTAMONU,2011,0,1747
KAYSERI,2011,2,1748
KILIS,2011,0,1749
KIRIKKALE,2011,0,1750
KIRKLARELI,2011,0,1751
KIRSEHIR,2011,0,1752
KOCAELI,2011,1,1753
KONYA,2011,1,1754
KUTAHYA,2011,17,1755
MALATYA,2011,0,1756
MANISA,2011,0,1757
MARDIN,2011,0,1758
MERSIN,2011,0,1759
MUGLA,2011,3,1760
MUS,2011,5,1761
NEVSEHIR,2011,0,1762
NIGDE,2011,1,1763
ORDU,2011,0,1764
OSMANIYE,2011,0,1765
RIZE,2011,0,1766
SAKARYA,2011,0,1767
SAMSUN,2011,0,1768
SANLIURFA,2011,0,1769
SIIRT,2011,0,1770
SINOP,2011,0,1771
SIRNAK,2011,1,1772
SIVAS,2011,0,1773
TEKIRDAG,2011,0,1774
TOKAT,2011,0,1775
TRABZON,2011,0,1776
TUNCELI,2011,1,1777
USAK,2011,0,1778
VAN,2011,154,1779
YALOVA,2011,0,1780
YOZGAT,2011,0,1781
ZONGULDAK,2011,0,1782
ADANA,2012,2,1783
ADIYAMAN,2012,1,1784
AFYONKARAHISAR,2012,2,1785
AGRI,2012,2,1786
AKSARAY,2012,0,1787
AMASYA,2012,0,1788
ANKARA,2012,0,1789
ANTALYA,2012,0,1790
ARDAHAN,2012,0,1791
ARTVIN,2012,0,1792
AYDIN,2012,0,1793
BALIKESIR,2012,1,1794
BARTIN,2012,0,1795
BATMAN,2012,0,1796
BAYBURT,2012,0,1797
BILECIK,2012,0,1798
BINGOL,2012,1,1799
BITLIS,2012,1,1800
BOLU,2012,0,1801
BURDUR,2012,0,1802
BURSA,2012,0,1803
CANAKKALE,2012,1,1804
CANKIRI,2012,0,1805
CORUM,2012,0,1806
DENIZLI,2012,1,1807
DIYARBAKIR,2012,1,1808
DUZCE,2012,0,1809
EDIRNE,2012,0,1810
ELAZIG,2012,0,1811
ERZINCAN,2012,0,1812
ERZURUM,2012,0,1813
ESKISEHIR,2012,0,1814
GAZIANTEP,2012,1,1815
GIRESUN,2012,0,1816
GUMUSHANE,2012,0,1817
HAKKARI,2012,0,1818
HATAY,2012,0,1819
IGDIR,2012,0,1820
ISPARTA,2012,0,1821
ISTANBUL,2012,0,1822
IZMIR,2012,1,1823
KAHRAMANMARAS,2012,7,1824
KARABUK,2012,0,1825
KARAMAN,2012,0,1826
KARS,2012,0,1827
KASTAMONU,2012,0,1828
KAYSERI,2012,0,1829
KILIS,2012,1,1830
KIRIKKALE,2012,0,1831
KIRKLARELI,2012,0,1832
KIRSEHIR,2012,1,1833
KOCAELI,2012,0,1834
KONYA,2012,0,1835
KUTAHYA,2012,15,1836
MALATYA,2012,1,1837
MANISA,2012,5,1838
MARDIN,2012,0,1839
MERSIN,2012,0,1840
MUGLA,2012,4,1841
MUS,2012,1,1842
NEVSEHIR,2012,0,1843
NIGDE,2012,0,1844
ORDU,2012,0,1845
OSMANIYE,2012,1,1846
RIZE,2012,0,1847
SAKARYA,2012,0,1848
SAMSUN,2012,0,1849
SANLIURFA,2012,0,1850
SIIRT,2012,1,1851
SINOP,2012,0,1852
SIRNAK,2012,2,1853
SIVAS,2012,0,1854
TEKIRDAG,2012,0,1855
TOKAT,2012,0,1856
TRABZON,2012,0,1857
TUNCELI,2012,1,1858
USAK,2012,0,1859
VAN,2012,28,1860
YALOVA,2012,0,1861
YOZGAT,2012,1,1862
ZONGULDAK,2012,0,1863
ADANA,2013,1,1864
ADIYAMAN,2013,2,1865
AFYONKARAHISAR,2013,1,1866
AGRI,2013,1,1867
AKSARAY,2013,0,1868
AMASYA,2013,1,1869
ANKARA,2013,0,1870
ANTALYA,2013,1,1871
ARDAHAN,2013,0,1872
ARTVIN,2013,0,1873
AYDIN,2013,0,1874
BALIKESIR,2013,0,1875
BARTIN,2013,1,1876
BATMAN,2013,0,1877
BAYBURT,2013,0,1878
BILECIK,2013,0,1879
BINGOL,2013,1,1880
BITLIS,2013,0,1881
BOLU,2013,1,1882
BURDUR,2013,0,1883
BURSA,2013,2,1884
CANAKKALE,2013,0,1885
CANKIRI,2013,0,1886
CORUM,2013,1,1887
DENIZLI,2013,0,1888
DIYARBAKIR,2013,0,1889
DUZCE,2013,0,1890
EDIRNE,2013,0,1891
ELAZIG,2013,0,1892
ERZINCAN,2013,0,1893
ERZURUM,2013,2,1894
ESKISEHIR,2013,0,1895
GAZIANTEP,2013,0,1896
GIRESUN,2013,0,1897
GUMUSHANE,2013,0,1898
HAKKARI,2013,0,1899
HATAY,2013,0,1900
IGDIR,2013,0,1901
ISPARTA,2013,0,1902
ISTANBUL,2013,0,1903
IZMIR,2013,0,1904
KAHRAMANMARAS,2013,4,1905
KARABUK,2013,0,1906
KARAMAN,2013,0,1907
KARS,2013,0,1908
KASTAMONU,2013,1,1909
KAYSERI,2013,0,1910
KILIS,2013,0,1911
KIRIKKALE,2013,0,1912
KIRKLARELI,2013,0,1913
KIRSEHIR,2013,0,1914
KOCAELI,2013,0,1915
KONYA,2013,0,1916
KUTAHYA,2013,2,1917
MALATYA,2013,0,1918
MANISA,2013,1,1919
MARDIN,2013,0,1920
MERSIN,2013,0,1921
MUGLA,2013,3,1922
MUS,2013,2,1923
NEVSEHIR,2013,0,1924
NIGDE,2013,0,1925
ORDU,2013,0,1926
OSMANIYE,2013,1,1927
RIZE,2013,0,1928
SAKARYA,2013,0,1929
SAMSUN,2013,0,1930
SANLIURFA,2013,0,1931
SIIRT,2013,0,1932
SINOP,2013,0,1933
SIRNAK,2013,0,1934
SIVAS,2013,0,1935
TEKIRDAG,2013,0,1936
TOKAT,2013,0,1937
TRABZON,2013,0,1938
TUNCELI,2013,0,1939
USAK,2013,0,1940
VAN,2013,12,1941
YALOVA,2013,0,1942
YOZGAT,2013,0,1943
ZONGULDAK,2013,0,1944
ADANA,2014,1,1945
ADIYAMAN,2014,0,1946
AFYONKARAHISAR,2014,0,1947
AGRI,2014,0,1948
AKSARAY,2014,0,1949
AMASYA,2014,0,1950
ANKARA,2014,0,1951
ANTALYA,2014,1,1952
ARDAHAN,2014,0,1953
ARTVIN,2014,0,1954
AYDIN,2014,0,1955
BALIKESIR,2014,2,1956
BARTIN,2014,0,1957
BATMAN,2014,0,1958
BAYBURT,2014,0,1959
BILECIK,2014,0,1960
BINGOL,2014,0,1961
BITLIS,2014,1,1962
BOLU,2014,0,1963
BURDUR,2014,1,1964
BURSA,2014,0,1965
CANAKKALE,2014,1,1966
CANKIRI,2014,0,1967
CORUM,2014,0,1968
DENIZLI,2014,1,1969
DIYARBAKIR,2014,0,1970
DUZCE,2014,0,1971
EDIRNE,2014,0,1972
ELAZIG,2014,0,1973
ERZINCAN,2014,0,1974
ERZURUM,2014,1,1975
ESKISEHIR,2014,0,1976
GAZIANTEP,2014,0,1977
GIRESUN,2014,0,1978
GUMUSHANE,2014,0,1979
HAKKARI,2014,0,1980
HATAY,2014,0,1981
IGDIR,2014,0,1982
ISPARTA,2014,1,1983
ISTANBUL,2014,0,1984
IZMIR,2014,2,1985
KAHRAMANMARAS,2014,1,1986
KARABUK,2014,0,1987
KARAMAN,2014,0,1988
KARS,2014,0,1989
KASTAMONU,2014,0,1990
KAYSERI,2014,0,1991
KILIS,2014,0,1992
KIRIKKALE,2014,0,1993
KIRKLARELI,2014,0,1994
KIRSEHIR,2014,0,1995
KOCAELI,2014,0,1996
KONYA,2014,1,1997
KUTAHYA,2014,3,1998
MALATYA,2014,1,1999
MANISA,2014,2,2000
MARDIN,2014,0,2001
MERSIN,2014,0,2002
MUGLA,2014,6,2003
MUS,2014,0,2004
NEVSEHIR,2014,0,2005
NIGDE,2014,0,2006
ORDU,2014,0,2007
OSMANIYE,2014,1,2008
RIZE,2014,0,2009
SAKARYA,2014,1,2010
SAMSUN,2014,0,2011
SANLIURFA,2014,0,2012
SIIRT,2014,0,2013
SINOP,2014,0,2014
SIRNAK,2014,0,2015
SIVAS,2014,1,2016
TEKIRDAG,2014,0,2017
TOKAT,2014,0,2018
TRABZON,2014,0,2019
TUNCELI,2014,1,2020
USAK,2014,0,2021
VAN,2014,6,2022
YALOVA,2014,1,2023
YOZGAT,2014,0,2024
ZONGULDAK,2014,0,2025
ADANA,2015,0,2026
ADIYAMAN,2015,0,2027
AFYONKARAHISAR,2015,0,2028
AGRI,2015,0,2029
AKSARAY,2015,0,2030
AMASYA,2015,0,2031
ANKARA,2015,2,2032
ANTALYA,2015,5,2033
ARDAHAN,2015,0,2034
ARTVIN,2015,0,2035
AYDIN,2015,0,2036
BALIKESIR,2015,0,2037
BARTIN,2015,0,2038
BATMAN,2015,0,2039
BAYBURT,2015,0,2040
BILECIK,2015,0,2041
BINGOL,2015,6,2042
BITLIS,2015,0,2043
BOLU,2015,1,2044
BURDUR,2015,1,2045
BURSA,2015,1,2046
CANAKKALE,2015,3,2047
CANKIRI,2015,0,2048
CORUM,2015,0,2049
DENIZLI,2015,2,2050
DIYARBAKIR,2015,0,2051
DUZCE,2015,0,2052
EDIRNE,2015,0,2053
ELAZIG,2015,0,2054
ERZINCAN,2015,0,2055
ERZURUM,2015,0,2056
ESKISEHIR,2015,1,2057
GAZIANTEP,2015,1,2058
GIRESUN,2015,0,2059
GUMUSHANE,2015,0,2060
HAKKARI,2015,0,2061
HATAY,2015,1,2062
IGDIR,2015,0,2063
ISPARTA,2015,0,2064
ISTANBUL,2015,0,2065
IZMIR,2015,2,2066
KAHRAMANMARAS,2015,2,2067
KARABUK,2015,0,2068
KARAMAN,2015,0,2069
KARS,2015,0,2070
KASTAMONU,2015,1,2071
KAYSERI,2015,0,2072
KILIS,2015,0,2073
KIRIKKALE,2015,0,2074
KIRKLARELI,2015,0,2075
KIRSEHIR,2015,0,2076
KOCAELI,2015,0,2077
KONYA,2015,0,2078
KUTAHYA,2015,2,2079
MALATYA,2015,3,2080
MANISA,2015,0,2081
MARDIN,2015,0,2082
MERSIN,2015,1,2083
MUGLA,2015,3,2084
MUS,2015,0,2085
NEVSEHIR,2015,0,2086
NIGDE,2015,0,2087
ORDU,2015,0,2088
OSMANIYE,2015,0,2089
RIZE,2015,0,2090
SAKARYA,2015,0,2091
SAMSUN,2015,0,2092
SANLIURFA,2015,0,2093
SIIRT,2015,1,2094
SINOP,2015,0,2095
SIRNAK,2015,0,2096
SIVAS,2015,0,2097
TEKIRDAG,2015,0,2098
TOKAT,2015,1,2099
TRABZON,2015,0,2100
TUNCELI,2015,0,2101
USAK,2015,0,2102
VAN,2015,3,2103
YALOVA,2015,0,2104
YOZGAT,2015,0,2105
ZONGULDAK,2015,0,2106
ADANA,2016,1,2107
ADIYAMAN,2016,0,2108
AFYONKARAHISAR,2016,0,2109
AGRI,2016,0,2110
AKSARAY,2016,0,2111
AMASYA,2016,0,2112
ANKARA,2016,1,2113
ANTALYA,2016,1,2114
ARDAHAN,2016,0,2115
ARTVIN,2016,0,2116
AYDIN,2016,0,2117
BALIKESIR,2016,0,2118
BARTIN,2016,0,2119
BATMAN,2016,0,2120
BAYBURT,2016,0,2121
BILECIK,2016,0,2122
BINGOL,2016,2,2123
BITLIS,2016,2,2124
BOLU,2016,0,2125
BURDUR,2016,0,2126
BURSA,2016,1,2127
CANAKKALE,2016,0,2128
CANKIRI,2016,0,2129
CORUM,2016,1,2130
DENIZLI,2016,1,2131
DIYARBAKIR,2016,0,2132
DUZCE,2016,1,2133
EDIRNE,2016,0,2134
ELAZIG,2016,0,2135
ERZINCAN,2016,1,2136
ERZURUM,2016,0,2137
ESKISEHIR,2016,1,2138
GAZIANTEP,2016,0,2139
GIRESUN,2016,0,2140
GUMUSHANE,2016,0,2141
HAKKARI,2016,0,2142
HATAY,2016,0,2143
IGDIR,2016,0,2144
ISPARTA,2016,0,2145
ISTANBUL,2016,0,2146
IZMIR,2016,0,2147
KAHRAMANMARAS,2016,0,2148
KARABUK,2016,0,2149
KARAMAN,2016,0,2150
KARS,2016,0,2151
KASTAMONU,2016,0,2152
KAYSERI,2016,1,2153
KILIS,2016,0,2154
KIRIKKALE,2016,0,2155
KIRKLARELI,2016,0,2156
KIRSEHIR,2016,1,2157
KOCAELI,2016,0,2158
KONYA,2016,0,2159
KUTAHYA,2016,0,2160
MALATYA,2016,2,2161
MANISA,2016,5,2162
MARDIN,2016,0,2163
MERSIN,2016,0,2164
MUGLA,2016,2,2165
MUS,2016,0,2166
NEVSEHIR,2016,0,2167
NIGDE,2016,0,2168
ORDU,2016,0,2169
OSMANIYE,2016,0,2170
RIZE,2016,0,2171
SAKARYA,2016,0,2172
SAMSUN,2016,0,2173
SANLIURFA,2016,0,2174
SIIRT,2016,0,2175
SINOP,2016,0,2176
SIRNAK,2016,0,2177
SIVAS,2016,1,2178
TEKIRDAG,2016,0,2179
TOKAT,2016,0,2180
TRABZON,2016,0,2181
TUNCELI,2016,0,2182
USAK,2016,0,2183
VAN,2016,4,2184
YALOVA,2016,0,2185
YOZGAT,2016,0,2186
ZONGULDAK,2016,0,2187
ADANA,2017,0,2188
ADIYAMAN,2017,1,2189
AFYONKARAHISAR,2017,0,2190
AGRI,2017,1,2191
AKSARAY,2017,0,2192
AMASYA,2017,0,2193
ANKARA,2017,0,2194
ANTALYA,2017,1,2195
ARDAHAN,2017,0,2196
ARTVIN,2017,0,2197
AYDIN,2017,0,2198
BALIKESIR,2017,2,2199
BARTIN,2017,0,2200
BATMAN,2017,0,2201
BAYBURT,2017,0,2202
BILECIK,2017,0,2203
BINGOL,2017,0,2204
BITLIS,2017,0,2205
BOLU,2017,0,2206
BURDUR,2017,0,2207
BURSA,2017,0,2208
CANAKKALE,2017,15,2209
CANKIRI,2017,0,2210
CORUM,2017,0,2211
DENIZLI,2017,0,2212
DIYARBAKIR,2017,0,2213
DUZCE,2017,0,2214
EDIRNE,2017,0,2215
ELAZIG,2017,1,2216
ERZINCAN,2017,0,2217
ERZURUM,2017,2,2218
ESKISEHIR,2017,1,2219
GAZIANTEP,2017,0,2220
GIRESUN,2017,0,2221
GUMUSHANE,2017,0,2222
HAKKARI,2017,0,2223
HATAY,2017,0,2224
IGDIR,2017,0,2225
ISPARTA,2017,1,2226
ISTANBUL,2017,0,2227
IZMIR,2017,0,2228
KAHRAMANMARAS,2017,2,2229
KARABUK,2017,0,2230
KARAMAN,2017,0,2231
KARS,2017,0,2232
KASTAMONU,2017,0,2233
KAYSERI,2017,0,2234
KILIS,2017,0,2235
KIRIKKALE,2017,0,2236
KIRKLARELI,2017,0,2237
KIRSEHIR,2017,0,2238
KOCAELI,2017,0,2239
KONYA,2017,0,2240
KUTAHYA,2017,0,2241
MALATYA,2017,0,2242
MANISA,2017,12,2243
MARDIN,2017,0,2244
MERSIN,2017,0,2245
MUGLA,2017,15,2246
MUS,2017,0,2247
NEVSEHIR,2017,0,2248
NIGDE,2017,0,2249
ORDU,2017,0,2250
OSMANIYE,2017,1,2251
RIZE,2017,0,2252
SAKARYA,2017,0,2253
SAMSUN,2017,0,2254
SANLIURFA,2017,0,2255
SIIRT,2017,0,2256
SINOP,2017,0,2257
SIRNAK,2017,0,2258
SIVAS,2017,0,2259
TEKIRDAG,2017,0,2260
TOKAT,2017,0,2261
TRABZON,2017,0,2262
TUNCELI,2017,0,2263
USAK,2017,0,2264
VAN,2017,4,2265
YALOVA,2017,0,2266
YOZGAT,2017,0,2267
ZONGULDAK,2017,0,2268
ADANA,2018,1,2269
ADIYAMAN,2018,1,2270
AFYONKARAHISAR,2018,0,2271
AGRI,2018,1,2272
AKSARAY,2018,0,2273
AMASYA,2018,1,2274
ANKARA,2018,0,2275
ANTALYA,2018,5,2276
ARDAHAN,2018,0,2277
ARTVIN,2018,0,2278
AYDIN,2018,0,2279
BALIKESIR,2018,0,2280
BARTIN,2018,0,2281
BATMAN,2018,0,2282
BAYBURT,2018,0,2283
BILECIK,2018,0,2284
BINGOL,2018,1,2285
BITLIS,2018,1,2286
BOLU,2018,1,2287
BURDUR,2018,1,2288
BURSA,2018,0,2289
CANAKKALE,2018,1,2290
CANKIRI,2018,0,2291
CORUM,2018,0,2292
DENIZLI,2018,1,2293
DIYARBAKIR,2018,0,2294
DUZCE,2018,0,2295
EDIRNE,2018,0,2296
ELAZIG,2018,0,2297
ERZINCAN,2018,2,2298
ERZURUM,2018,0,2299
ESKISEHIR,2018,0,2300
GAZIANTEP,2018,0,2301
GIRESUN,2018,0,2302
GUMUSHANE,2018,0,2303
HAKKARI,2018,0,2304
HATAY,2018,1,2305
IGDIR,2018,0,2306
ISPARTA,2018,0,2307
ISTANBUL,2018,0,2308
IZMIR,2018,0,2309
KAHRAMANMARAS,2018,2,2310
KARABUK,2018,0,2311
KARAMAN,2018,0,2312
KARS,2018,0,2313
KASTAMONU,2018,0,2314
KAYSERI,2018,0,2315
KILIS,2018,0,2316
KIRIKKALE,2018,0,2317
KIRKLARELI,2018,0,2318
KIRSEHIR,2018,0,2319
KOCAELI,2018,0,2320
KONYA,2018,0,2321
KUTAHYA,2018,0,2322
MALATYA,2018,1,2323
MANISA,2018,1,2324
MARDIN,2018,0,2325
MERSIN,2018,0,2326
MUGLA,2018,3,2327
MUS,2018,0,2328
NEVSEHIR,2018,0,2329
NIGDE,2018,0,2330
ORDU,2018,0,2331
OSMANIYE,2018,1,2332
RIZE,2018,0,2333
SAKARYA,2018,0,2334
SAMSUN,2018,0,2335
SANLIURFA,2018,0,2336
SIIRT,2018,0,2337
SINOP,2018,0,2338
SIRNAK,2018,1,2339
SIVAS,2018,0,2340
TEKIRDAG,2018,0,2341
TOKAT,2018,0,2342
TRABZON,2018,0,2343
TUNCELI,2018,0,2344
USAK,2018,0,2345
VAN,2018,2,2346
YALOVA,2018,2,2347
YOZGAT,2018,0,2348
ZONGULDAK,2018,0,2349
ADANA,2019,2,2350
ADIYAMAN,2019,0,2351
AFYONKARAHISAR,2019,1,2352
AGRI,2019,0,2353
AKSARAY,2019,0,2354
AMASYA,2019,0,2355
ANKARA,2019,1,2356
ANTALYA,2019,2,2357
ARDAHAN,2019,0,2358
ARTVIN,2019,0,2359
AYDIN,2019,0,2360
BALIKESIR,2019,2,2361
BARTIN,2019,0,2362
BATMAN,2019,0,2363
BAYBURT,2019,0,2364
BILECIK,2019,0,2365
BINGOL,2019,2,2366
BITLIS,2019,0,2367
BOLU,2019,0,2368
BURDUR,2019,0,2369
BURSA,2019,1,2370
CANAKKALE,2019,2,2371
CANKIRI,2019,6,2372
CORUM,2019,0,2373
DENIZLI,2019,10,2374
DIYARBAKIR,2019,2,2375
DUZCE,2019,0,2376
EDIRNE,2019,0,2377
ELAZIG,2019,0,2378
ERZINCAN,2019,1,2379
ERZURUM,2019,2,2380
ESKISEHIR,2019,0,2381
GAZIANTEP,2019,0,2382
GIRESUN,2019,0,2383
GUMUSHANE,2019,0,2384
HAKKARI,2019,0,2385
HATAY,2019,1,2386
IGDIR,2019,0,2387
ISPARTA,2019,0,2388
ISTANBUL,2019,0,2389
IZMIR,2019,1,2390
KAHRAMANMARAS,2019,0,2391
KARABUK,2019,0,2392
KARAMAN,2019,0,2393
KARS,2019,0,2394
KASTAMONU,2019,0,2395
KAYSERI,2019,0,2396
KILIS,2019,0,2397
KIRIKKALE,2019,0,2398
KIRKLARELI,2019,0,2399
KIRSEHIR,2019,0,2400
KOCAELI,2019,0,2401
KONYA,2019,0,2402
KUTAHYA,2019,0,2403
MALATYA,2019,6,2404
MANISA,2019,2,2405
MARDIN,2019,0,2406
MERSIN,2019,0,2407
MUGLA,2019,3,2408
MUS,2019,0,2409
NEVSEHIR,2019,0,2410
NIGDE,2019,0,2411
ORDU,2019,0,2412
OSMANIYE,2019,1,2413
RIZE,2019,0,2414
SAKARYA,2019,2,2415
SAMSUN,2019,0,2416
SANLIURFA,2019,0,2417
SIIRT,2019,0,2418
SINOP,2019,0,2419
SIRNAK,2019,0,2420
SIVAS,2019,0,2421
TEKIRDAG,2019,0,2422
TOKAT,2019,0,2423
TRABZON,2019,0,2424
TUNCELI,2019,1,2425
USAK,2019,0,2426
VAN,2019,2,2427
YALOVA,2019,0,2428
YOZGAT,2019,0,2429
ZONGULDAK,2019,0,2430
ADANA,2020,1,2431
ADIYAMAN,2020,1,2432
AFYONKARAHISAR,2020,0,2433
AGRI,2020,0,2434
AKSARAY,2020,1,2435
AMASYA,2020,0,2436
ANKARA,2020,2,2437
ANTALYA,2020,2,2438
ARDAHAN,2020,0,2439
ARTVIN,2020,0,2440
AYDIN,2020,0,2441
BALIKESIR,2020,0,2442
BARTIN,2020,0,2443
BATMAN,2020,0,2444
BAYBURT,2020,1,2445
BILECIK,2020,0,2446
BINGOL,2020,5,2447
BITLIS,2020,2,2448
BOLU,2020,0,2449
BURDUR,2020,0,2450
BURSA,2020,0,2451
CANAKKALE,2020,0,2452
CANKIRI,2020,1,2453
CORUM,2020,2,2454
DENIZLI,2020,0,2455
DIYARBAKIR,2020,0,2456
DUZCE,2020,0,2457
EDIRNE,2020,0,2458
ELAZIG,2020,23,2459
ERZINCAN,2020,1,2460
ERZURUM,2020,5,2461
ESKISEHIR,2020,0,2462
GAZIANTEP,2020,0,2463
GIRESUN,2020,0,2464
GUMUSHANE,2020,0,2465
HAKKARI,2020,0,2466
HATAY,2020,1,2467
IGDIR,2020,0,2468
ISPARTA,2020,0,2469
ISTANBUL,2020,0,2470
IZMIR,2020,0,2471
KAHRAMANMARAS,2020,1,2472
KARABUK,2020,0,2473
KARAMAN,2020,0,2474
KARS,2020,0,2475
KASTAMONU,2020,0,2476
KAYSERI,2020,0,2477
KILIS,2020,0,2478
KIRIKKALE,2020,0,2479
KIRKLARELI,2020,0,2480
KIRSEHIR,2020,0,2481
KOCAELI,2020,0,2482
KONYA,2020,2,2483
KUTAHYA,2020,0,2484
MALATYA,2020,23,2485
MANISA,2020,17,2486
MARDIN,2020,0,2487
MERSIN,2020,1,2488
MUGLA,2020,3,2489
MUS,2020,1,2490
NEVSEHIR,2020,0,2491
NIGDE,2020,0,2492
ORDU,2020,0,2493
OSMANIYE,2020,1,2494
RIZE,2020,0,2495
SAKARYA,2020,0,2496
SAMSUN,2020,0,2497
SANLIURFA,2020,1,2498
SIIRT,2020,2,2499
SINOP,2020,0,2500
SIRNAK,2020,0,2501
SIVAS,2020,0,2502
TEKIRDAG,2020,0,2503
TOKAT,2020,0,2504
TRABZON,2020,0,2505
TUNCELI,2020,1,2506
USAK,2020,0,2507
VAN,2020,16,2508
YALOVA,2020,0,2509
YOZGAT,2020,0,2510
ZONGULDAK,2020,0,2511
ADANA,2021,0,2512
ADIYAMAN,2021,0,2513
AFYONKARAHISAR,2021,1,2514
AGRI,2021,1,2515
AKSARAY,2021,0,2516
AMASYA,2021,0,2517
ANKARA,2021,1,2518
ANTALYA,2021,1,2519
ARDAHAN,2021,0,2520
ARTVIN,2021,0,2521
AYDIN,2021,1,2522
BALIKESIR,2021,0,2523
BARTIN,2021,0,2524
BATMAN,2021,0,2525
BAYBURT,2021,0,2526
BILECIK,2021,0,2527
BINGOL,2021,2,2528
BITLIS,2021,0,2529
BOLU,2021,0,2530
BURDUR,2021,1,2531
BURSA,2021,0,2532
CANAKKALE,2021,0,2533
CANKIRI,2021,0,2534
CORUM,2021,4,2535
DENIZLI,2021,4,2536
DIYARBAKIR,2021,0,2537
DUZCE,2021,1,2538
EDIRNE,2021,0,2539
ELAZIG,2021,2,2540
ERZINCAN,2021,2,2541
ERZURUM,2021,2,2542
ESKISEHIR,2021,0,2543
GAZIANTEP,2021,0,2544
GIRESUN,2021,0,2545
GUMUSHANE,2021,0,2546
HAKKARI,2021,0,2547
HATAY,2021,0,2548
IGDIR,2021,0,2549
ISPARTA,2021,0,2550
ISTANBUL,2021,1,2551
IZMIR,2021,1,2552
KAHRAMANMARAS,2021,0,2553
KARABUK,2021,0,2554
KARAMAN,2021,0,2555
KARS,2021,0,2556
KASTAMONU,2021,1,2557
KAYSERI,2021,3,2558
KILIS,2021,0,2559
KIRIKKALE,2021,0,2560
KIRKLARELI,2021,0,2561
KIRSEHIR,2021,0,2562
KOCAELI,2021,0,2563
KONYA,2021,4,2564
KUTAHYA,2021,2,2565
MALATYA,2021,2,2566
MANISA,2021,0,2567
MARDIN,2021,0,2568
MERSIN,2021,0,2569
MUGLA,2021,1,2570
MUS,2021,0,2571
NEVSEHIR,2021,0,2572
NIGDE,2021,0,2573
ORDU,2021,0,2574
OSMANIYE,2021,3,2575
RIZE,2021,0,2576
SAKARYA,2021,0,2577
SAMSUN,2021,0,2578
SANLIURFA,2021,0,2579
SIIRT,2021,0,2580
SINOP,2021,0,2581
SIRNAK,2021,0,2582
SIVAS,2021,3,2583
TEKIRDAG,2021,0,2584
TOKAT,2021,1,2585
TRABZON,2021,0,2586
TUNCELI,2021,0,2587
USAK,2021,0,2588
VAN,2021,6,2589
YALOVA,2021,0,2590
YOZGAT,2021,0,2591
ZONGULDAK,2021,0,2592
ADANA,2022,1,2593
ADIYAMAN,2022,0,2594
AFYONKARAHISAR,2022,0,2595
AGRI,2022,0,2596
AKSARAY,2022,0,2597
AMASYA,2022,0,2598
ANKARA,2022,0,2599
ANTALYA,2022,1,2600
ARDAHAN,2022,0,2601
ARTVIN,2022,0,2602
AYDIN,2022,1,2603
BALIKESIR,2022,3,2604
BARTIN,2022,0,2605
BATMAN,2022,0,2606
BAYBURT,2022,0,2607
BILECIK,2022,0,2608
BINGOL,2022,2,2609
BITLIS,2022,1,2610
BOLU,2022,0,2611
BURDUR,2022,0,2612
BURSA,2022,1,2613
CANAKKALE,2022,2,2614
CANKIRI,2022,0,2615
CORUM,2022,2,2616
DENIZLI,2022,0,2617
DIYARBAKIR,2022,0,2618
DUZCE,2022,5,2619
EDIRNE,2022,0,2620
ELAZIG,2022,1,2621
ERZINCAN,2022,2,2622
ERZURUM,2022,3,2623
ESKISEHIR,2022,0,2624
GAZIANTEP,2022,1,2625
GIRESUN,2022,0,2626
GUMUSHANE,2022,0,2627
HAKKARI,2022,0,2628
HATAY,2022,1,2629
IGDIR,2022,0,2630
ISPARTA,2022,0,2631
ISTANBUL,2022,0,2632
IZMIR,2022,2,2633
KAHRAMANMARAS,2022,4,2634
KARABUK,2022,0,2635
KARAMAN,2022,0,2636
KARS,2022,3,2637
KASTAMONU,2022,2,2638
KAYSERI,2022,1,2639
KILIS,2022,0,2640
KIRIKKALE,2022,0,2641
KIRKLARELI,2022,0,2642
KIRSEHIR,2022,0,2643
KOCAELI,2022,0,2644
KONYA,2022,1,2645
KUTAHYA,2022,1,2646
MALATYA,2022,4,2647
MANISA,2022,1,2648
MARDIN,2022,0,2649
MERSIN,2022,0,2650
MUGLA,2022,4,2651
MUS,2022,0,2652
NEVSEHIR,2022,0,2653
NIGDE,2022,0,2654
ORDU,2022,0,2655
OSMANIYE,2022,1,2656
RIZE,2022,0,2657
SAKARYA,2022,0,2658
SAMSUN,2022,0,2659
SANLIURFA,2022,0,2660
SIIRT,2022,0,2661
SINOP,2022,0,2662
SIRNAK,2022,0,2663
SIVAS,2022,1,2664
TEKIRDAG,2022,0,2665
TOKAT,2022,0,2666
TRABZON,2022,0,2667
TUNCELI,2022,0,2668
USAK,2022,0,2669
VAN,2022,4,2670
YALOVA,2022,1,2671
YOZGAT,2022,0,2672
ZONGULDAK,2022,0,2673
ADANA,2023,16,2674
ADIYAMAN,2023,68,2675
AFYONKARAHISAR,2023,0,2676
AGRI,2023,0,2677
AKSARAY,2023,0,2678
AMASYA,2023,0,2679
ANKARA,2023,1,2680
ANTALYA,2023,2,2681
ARDAHAN,2023,0,2682
ARTVIN,2023,0,2683
AYDIN,2023,0,2684
BALIKESIR,2023,0,2685
BARTIN,2023,0,2686
BATMAN,2023,0,2687
BAYBURT,2023,0,2688
BILECIK,2023,0,2689
BINGOL,2023,8,2690
BITLIS,2023,0,2691
BOLU,2023,2,2692
BURDUR,2023,1,2693
BURSA,2023,0,2694
CANAKKALE,2023,1,2695
CANKIRI,2023,0,2696
CORUM,2023,0,2697
DENIZLI,2023,0,2698
DIYARBAKIR,2023,2,2699
DUZCE,2023,0,2700
EDIRNE,2023,0,2701
ELAZIG,2023,12,2702
ERZINCAN,2023,1,2703
ERZURUM,2023,2,2704
ESKISEHIR,2023,0,2705
GAZIANTEP,2023,27,2706
GIRESUN,2023,0,2707
GUMUSHANE,2023,0,2708
HAKKARI,2023,2,2709
HATAY,2023,62,2710
IGDIR,2023,0,2711
ISPARTA,2023,0,2712
ISTANBUL,2023,0,2713
IZMIR,2023,2,2714
KAHRAMANMARAS,2023,221,2715
KARABUK,2023,0,2716
KARAMAN,2023,0,2717
KARS,2023,0,2718
KASTAMONU,2023,2,2719
KAYSERI,2023,5,2720
KILIS,2023,0,2721
KIRIKKALE,2023,0,2722
KIRKLARELI,2023,0,2723
KIRSEHIR,2023,0,2724
KOCAELI,2023,0,2725
KONYA,2023,6,2726
KUTAHYA,2023,0,2727
MALATYA,2023,82,2728
MANISA,2023,0,2729
MARDIN,2023,0,2730
MERSIN,2023,0,2731
MUGLA,2023,2,2732
MUS,2023,0,2733
NEVSEHIR,2023,0,2734
NIGDE,2023,0,2735
ORDU,2023,0,2736
OSMANIYE,2023,3,2737
RIZE,2023,0,2738
SAKARYA,2023,0,2739
SAMSUN,2023,0,2740
SANLIURFA,2023,0,2741
SIIRT,2023,0,2742
SINOP,2023,0,2743
SIRNAK,2023,0,2744
SIVAS,2023,1,2745
TEKIRDAG,2023,0,2746
TOKAT,2023,1,2747
TRABZON,2023,0,2748
TUNCELI,2023,1,2749
USAK,2023,0,2750
VAN,2023,3,2751
YALOVA,2023,0,2752
YOZGAT,2023,0,2753
ZONGULDAK,2023,0,2754
