cityname,year,earthquake
ADANA,1990,0
ADIYAMAN,1990,0
AFYONKARAHISAR,1990,3
AGRI,1990,0
AKSARAY,1990,0
AMASYA,1990,0
ANKARA,1990,2
ANTALYA,1990,5
ARDAHAN,1990,0
ARTVIN,1990,0
AYDIN,1990,3
BALIKESIR,1990,43
BARTIN,1990,0
BATMAN,1990,0
BAYBURT,1990,0
BILECIK,1990,1
BINGOL,1990,0
BITLIS,1990,0
BOLU,1990,1
BURDUR,1990,33
BURSA,1990,36
CANAKKALE,1990,15
CANKIRI,1990,0
CORUM,1990,0
DENIZLI,1990,8
DIYARBAKIR,1990,1
DUZCE,1990,0
EDIRNE,1990,1
ELAZIG,1990,0
ERZINCAN,1990,2
ERZURUM,1990,0
ESKISEHIR,1990,4
GAZIANTEP,1990,0
GIRESUN,1990,0
GUMUSHANE,1990,1
HAKKARI,1990,0
HATAY,1990,0
IGDIR,1990,0
ISPARTA,1990,2
ISTANBUL,1990,15
IZMIR,1990,25
KAHRAMANMARAS,1990,1
KARABUK,1990,0
KARAMAN,1990,0
KARS,1990,0
KASTAMONU,1990,0
KAYSERI,1990,0
KILIS,1990,0
KIRIKKALE,1990,2
KIRKLARELI,1990,1
KIRSEHIR,1990,0
KOCAELI,1990,16
KONYA,1990,0
KUTAHYA,1990,28
MALATYA,1990,0
MANISA,1990,162
MARDIN,1990,0
MERSIN,1990,1
MUGLA,1990,11
MUS,1990,0
NEVSEHIR,1990,0
NIGDE,1990,0
ORDU,1990,0
OSMANIYE,1990,0
RIZE,1990,0
SAKARYA,1990,6
SAMSUN,1990,0
SANLIURFA,1990,0
SIIRT,1990,0
SINOP,1990,0
SIRNAK,1990,0
SIVAS,1990,0
TEKIRDAG,1990,0
TOKAT,1990,0
TRABZON,1990,0
TUNCELI,1990,0
USAK,1990,0
VAN,1990,0
YALOVA,1990,3
YOZGAT,1990,0
ZONGULDAK,1990,0
ADANA,1991,2
ADIYAMAN,1991,0
AFYONKARAHISAR,1991,15
AGRI,1991,0
AKSARAY,1991,0
AMASYA,1991,0
ANKARA,1991,1
ANTALYA,1991,7
ARDAHAN,1991,0
ARTVIN,1991,0
AYDIN,1991,5
BALIKESIR,1991,69
BARTIN,1991,0
BATMAN,1991,0
BAYBURT,1991,0
BILECIK,1991,3
BINGOL,1991,0
BITLIS,1991,0
BOLU,1991,0
BURDUR,1991,74
BURSA,1991,53
CANAKKALE,1991,17
CANKIRI,1991,2
CORUM,1991,0
DENIZLI,1991,23
DIYARBAKIR,1991,0
DUZCE,1991,0
EDIRNE,1991,1
ELAZIG,1991,0
ERZINCAN,1991,0
ERZURUM,1991,2
ESKISEHIR,1991,4
GAZIANTEP,1991,0
GIRESUN,1991,0
GUMUSHANE,1991,0
HAKKARI,1991,0
HATAY,1991,0
IGDIR,1991,0
ISPARTA,1991,1
ISTANBUL,1991,43
IZMIR,1991,28
KAHRAMANMARAS,1991,1
KARABUK,1991,0
KARAMAN,1991,0
KARS,1991,4
KASTAMONU,1991,0
KAYSERI,1991,1
KILIS,1991,0
KIRIKKALE,1991,1
KIRKLARELI,1991,1
KIRSEHIR,1991,0
KOCAELI,1991,29
KONYA,1991,6
KUTAHYA,1991,65
MALATYA,1991,0
MANISA,1991,167
MARDIN,1991,0
MERSIN,1991,1
MUGLA,1991,13
MUS,1991,1
NEVSEHIR,1991,0
NIGDE,1991,0
ORDU,1991,0
OSMANIYE,1991,2
RIZE,1991,0
SAKARYA,1991,7
SAMSUN,1991,0
SANLIURFA,1991,0
SIIRT,1991,0
SINOP,1991,0
SIRNAK,1991,1
SIVAS,1991,0
TEKIRDAG,1991,0
TOKAT,1991,0
TRABZON,1991,0
TUNCELI,1991,0
USAK,1991,5
VAN,1991,0
YALOVA,1991,16
YOZGAT,1991,0
ZONGULDAK,1991,0
ADANA,1992,1
ADIYAMAN,1992,0
AFYONKARAHISAR,1992,12
AGRI,1992,0
AKSARAY,1992,0
AMASYA,1992,3
ANKARA,1992,3
ANTALYA,1992,8
ARDAHAN,1992,0
ARTVIN,1992,0
AYDIN,1992,3
BALIKESIR,1992,55
BARTIN,1992,0
BATMAN,1992,0
BAYBURT,1992,1
BILECIK,1992,4
BINGOL,1992,1
BITLIS,1992,0
BOLU,1992,4
BURDUR,1992,2
BURSA,1992,25
CANAKKALE,1992,4
CANKIRI,1992,1
CORUM,1992,0
DENIZLI,1992,7
DIYARBAKIR,1992,0
DUZCE,1992,1
EDIRNE,1992,0
ELAZIG,1992,1
ERZINCAN,1992,8
ERZURUM,1992,2
ESKISEHIR,1992,4
GAZIANTEP,1992,1
GIRESUN,1992,0
GUMUSHANE,1992,0
HAKKARI,1992,0
HATAY,1992,0
IGDIR,1992,0
ISPARTA,1992,3
ISTANBUL,1992,5
IZMIR,1992,76
KAHRAMANMARAS,1992,1
KARABUK,1992,0
KARAMAN,1992,0
KARS,1992,0
KASTAMONU,1992,1
KAYSERI,1992,2
KILIS,1992,0
KIRIKKALE,1992,1
KIRKLARELI,1992,0
KIRSEHIR,1992,0
KOCAELI,1992,6
KONYA,1992,1
KUTAHYA,1992,70
MALATYA,1992,3
MANISA,1992,42
MARDIN,1992,0
MERSIN,1992,1
MUGLA,1992,14
MUS,1992,0
NEVSEHIR,1992,0
NIGDE,1992,0
ORDU,1992,0
OSMANIYE,1992,1
RIZE,1992,0
SAKARYA,1992,8
SAMSUN,1992,2
SANLIURFA,1992,0
SIIRT,1992,0
SINOP,1992,1
SIRNAK,1992,0
SIVAS,1992,1
TEKIRDAG,1992,0
TOKAT,1992,0
TRABZON,1992,1
TUNCELI,1992,4
USAK,1992,1
VAN,1992,0
YALOVA,1992,0
YOZGAT,1992,1
ZONGULDAK,1992,2
ADANA,1993,0
ADIYAMAN,1993,2
AFYONKARAHISAR,1993,23
AGRI,1993,0
AKSARAY,1993,0
AMASYA,1993,1
ANKARA,1993,4
ANTALYA,1993,13
ARDAHAN,1993,0
ARTVIN,1993,0
AYDIN,1993,3
BALIKESIR,1993,149
BARTIN,1993,0
BATMAN,1993,0
BAYBURT,1993,0
BILECIK,1993,6
BINGOL,1993,1
BITLIS,1993,0
BOLU,1993,4
BURDUR,1993,9
BURSA,1993,142
CANAKKALE,1993,46
CANKIRI,1993,2
CORUM,1993,5
DENIZLI,1993,25
DIYARBAKIR,1993,1
DUZCE,1993,0
EDIRNE,1993,0
ELAZIG,1993,0
ERZINCAN,1993,1
ERZURUM,1993,2
ESKISEHIR,1993,2
GAZIANTEP,1993,1
GIRESUN,1993,0
GUMUSHANE,1993,0
HAKKARI,1993,0
HATAY,1993,0
IGDIR,1993,0
ISPARTA,1993,10
ISTANBUL,1993,66
IZMIR,1993,111
KAHRAMANMARAS,1993,1
KARABUK,1993,0
KARAMAN,1993,1
KARS,1993,1
KASTAMONU,1993,1
KAYSERI,1993,0
KILIS,1993,0
KIRIKKALE,1993,0
KIRKLARELI,1993,11
KIRSEHIR,1993,0
KOCAELI,1993,28
KONYA,1993,0
KUTAHYA,1993,392
MALATYA,1993,0
MANISA,1993,855
MARDIN,1993,0
MERSIN,1993,0
MUGLA,1993,27
MUS,1993,0
NEVSEHIR,1993,0
NIGDE,1993,0
ORDU,1993,0
OSMANIYE,1993,1
RIZE,1993,0
SAKARYA,1993,19
SAMSUN,1993,1
SANLIURFA,1993,1
SIIRT,1993,0
SINOP,1993,0
SIRNAK,1993,0
SIVAS,1993,3
TEKIRDAG,1993,2
TOKAT,1993,4
TRABZON,1993,0
TUNCELI,1993,1
USAK,1993,12
VAN,1993,0
YALOVA,1993,11
YOZGAT,1993,1
ZONGULDAK,1993,0
ADANA,1994,3
ADIYAMAN,1994,0
AFYONKARAHISAR,1994,22
AGRI,1994,0
AKSARAY,1994,1
AMASYA,1994,0
ANKARA,1994,5
ANTALYA,1994,5
ARDAHAN,1994,0
ARTVIN,1994,0
AYDIN,1994,5
BALIKESIR,1994,163
BARTIN,1994,0
BATMAN,1994,0
BAYBURT,1994,1
BILECIK,1994,10
BINGOL,1994,2
BITLIS,1994,0
BOLU,1994,1
BURDUR,1994,14
BURSA,1994,144
CANAKKALE,1994,23
CANKIRI,1994,0
CORUM,1994,0
DENIZLI,1994,36
DIYARBAKIR,1994,1
DUZCE,1994,0
EDIRNE,1994,4
ELAZIG,1994,2
ERZINCAN,1994,1
ERZURUM,1994,1
ESKISEHIR,1994,5
GAZIANTEP,1994,0
GIRESUN,1994,0
GUMUSHANE,1994,0
HAKKARI,1994,0
HATAY,1994,1
IGDIR,1994,0
ISPARTA,1994,4
ISTANBUL,1994,36
IZMIR,1994,123
KAHRAMANMARAS,1994,1
KARABUK,1994,0
KARAMAN,1994,0
KARS,1994,1
KASTAMONU,1994,1
KAYSERI,1994,0
KILIS,1994,0
KIRIKKALE,1994,0
KIRKLARELI,1994,5
KIRSEHIR,1994,0
KOCAELI,1994,104
KONYA,1994,0
KUTAHYA,1994,494
MALATYA,1994,1
MANISA,1994,738
MARDIN,1994,0
MERSIN,1994,0
MUGLA,1994,86
MUS,1994,0
NEVSEHIR,1994,0
NIGDE,1994,0
ORDU,1994,0
OSMANIYE,1994,1
RIZE,1994,0
SAKARYA,1994,26
SAMSUN,1994,0
SANLIURFA,1994,0
SIIRT,1994,1
SINOP,1994,0
SIRNAK,1994,0
SIVAS,1994,0
TEKIRDAG,1994,0
TOKAT,1994,0
TRABZON,1994,0
TUNCELI,1994,0
USAK,1994,2
VAN,1994,0
YALOVA,1994,12
YOZGAT,1994,0
ZONGULDAK,1994,0
ADANA,1995,0
ADIYAMAN,1995,0
AFYONKARAHISAR,1995,60
AGRI,1995,0
AKSARAY,1995,0
AMASYA,1995,1
ANKARA,1995,1
ANTALYA,1995,5
ARDAHAN,1995,1
ARTVIN,1995,0
AYDIN,1995,3
BALIKESIR,1995,64
BARTIN,1995,0
BATMAN,1995,0
BAYBURT,1995,1
BILECIK,1995,6
BINGOL,1995,1
BITLIS,1995,0
BOLU,1995,0
BURDUR,1995,6
BURSA,1995,43
CANAKKALE,1995,4
CANKIRI,1995,2
CORUM,1995,1
DENIZLI,1995,31
DIYARBAKIR,1995,0
DUZCE,1995,3
EDIRNE,1995,0
ELAZIG,1995,0
ERZINCAN,1995,2
ERZURUM,1995,2
ESKISEHIR,1995,15
GAZIANTEP,1995,0
GIRESUN,1995,0
GUMUSHANE,1995,0
HAKKARI,1995,0
HATAY,1995,0
IGDIR,1995,0
ISPARTA,1995,3
ISTANBUL,1995,8
IZMIR,1995,43
KAHRAMANMARAS,1995,0
KARABUK,1995,1
KARAMAN,1995,0
KARS,1995,0
KASTAMONU,1995,0
KAYSERI,1995,0
KILIS,1995,0
KIRIKKALE,1995,0
KIRKLARELI,1995,0
KIRSEHIR,1995,0
KOCAELI,1995,13
KONYA,1995,1
KUTAHYA,1995,88
MALATYA,1995,1
MANISA,1995,123
MARDIN,1995,0
MERSIN,1995,2
MUGLA,1995,86
MUS,1995,3
NEVSEHIR,1995,0
NIGDE,1995,0
ORDU,1995,0
OSMANIYE,1995,2
RIZE,1995,0
SAKARYA,1995,3
SAMSUN,1995,0
SANLIURFA,1995,0
SIIRT,1995,1
SINOP,1995,0
SIRNAK,1995,0
SIVAS,1995,1
TEKIRDAG,1995,2
TOKAT,1995,0
TRABZON,1995,0
TUNCELI,1995,2
USAK,1995,1
VAN,1995,1
YALOVA,1995,4
YOZGAT,1995,0
ZONGULDAK,1995,0
ADANA,1996,0
ADIYAMAN,1996,0
AFYONKARAHISAR,1996,17
AGRI,1996,1
AKSARAY,1996,0
AMASYA,1996,10
ANKARA,1996,2
ANTALYA,1996,3
ARDAHAN,1996,0
ARTVIN,1996,0
AYDIN,1996,1
BALIKESIR,1996,42
BARTIN,1996,0
BATMAN,1996,0
BAYBURT,1996,0
BILECIK,1996,0
BINGOL,1996,3
BITLIS,1996,0
BOLU,1996,0
BURDUR,1996,2
BURSA,1996,19
CANAKKALE,1996,1
CANKIRI,1996,0
CORUM,1996,5
DENIZLI,1996,5
DIYARBAKIR,1996,1
DUZCE,1996,0
EDIRNE,1996,0
ELAZIG,1996,2
ERZINCAN,1996,0
ERZURUM,1996,3
ESKISEHIR,1996,0
GAZIANTEP,1996,1
GIRESUN,1996,0
GUMUSHANE,1996,1
HAKKARI,1996,0
HATAY,1996,0
IGDIR,1996,0
ISPARTA,1996,2
ISTANBUL,1996,0
IZMIR,1996,41
KAHRAMANMARAS,1996,3
KARABUK,1996,0
KARAMAN,1996,0
KARS,1996,1
KASTAMONU,1996,0
KAYSERI,1996,2
KILIS,1996,0
KIRIKKALE,1996,0
KIRKLARELI,1996,1
KIRSEHIR,1996,0
KOCAELI,1996,19
KONYA,1996,0
KUTAHYA,1996,36
MALATYA,1996,3
MANISA,1996,92
MARDIN,1996,0
MERSIN,1996,0
MUGLA,1996,17
MUS,1996,0
NEVSEHIR,1996,0
NIGDE,1996,0
ORDU,1996,0
OSMANIYE,1996,3
RIZE,1996,0
SAKARYA,1996,0
SAMSUN,1996,0
SANLIURFA,1996,0
SIIRT,1996,0
SINOP,1996,0
SIRNAK,1996,0
SIVAS,1996,2
TEKIRDAG,1996,2
TOKAT,1996,1
TRABZON,1996,0
TUNCELI,1996,0
USAK,1996,1
VAN,1996,2
YALOVA,1996,2
YOZGAT,1996,0
ZONGULDAK,1996,0
ADANA,1997,0
ADIYAMAN,1997,0
AFYONKARAHISAR,1997,0
AGRI,1997,0
AKSARAY,1997,0
AMASYA,1997,1
ANKARA,1997,0
ANTALYA,1997,1
ARDAHAN,1997,0
ARTVIN,1997,0
AYDIN,1997,5
BALIKESIR,1997,17
BARTIN,1997,0
BATMAN,1997,0
BAYBURT,1997,0
BILECIK,1997,1
BINGOL,1997,3
BITLIS,1997,3
BOLU,1997,0
BURDUR,1997,0
BURSA,1997,25
CANAKKALE,1997,6
CANKIRI,1997,1
CORUM,1997,0
DENIZLI,1997,17
DIYARBAKIR,1997,1
DUZCE,1997,0
EDIRNE,1997,0
ELAZIG,1997,0
ERZINCAN,1997,2
ERZURUM,1997,2
ESKISEHIR,1997,0
GAZIANTEP,1997,0
GIRESUN,1997,0
GUMUSHANE,1997,0
HAKKARI,1997,0
HATAY,1997,5
IGDIR,1997,0
ISPARTA,1997,2
ISTANBUL,1997,2
IZMIR,1997,12
KAHRAMANMARAS,1997,2
KARABUK,1997,0
KARAMAN,1997,0
KARS,1997,0
KASTAMONU,1997,0
KAYSERI,1997,0
KILIS,1997,0
KIRIKKALE,1997,0
KIRKLARELI,1997,0
KIRSEHIR,1997,0
KOCAELI,1997,24
KONYA,1997,0
KUTAHYA,1997,7
MALATYA,1997,0
MANISA,1997,50
MARDIN,1997,0
MERSIN,1997,0
MUGLA,1997,2
MUS,1997,0
NEVSEHIR,1997,0
NIGDE,1997,0
ORDU,1997,0
OSMANIYE,1997,0
RIZE,1997,0
SAKARYA,1997,7
SAMSUN,1997,0
SANLIURFA,1997,0
SIIRT,1997,0
SINOP,1997,0
SIRNAK,1997,0
SIVAS,1997,1
TEKIRDAG,1997,1
TOKAT,1997,0
TRABZON,1997,0
TUNCELI,1997,0
USAK,1997,1
VAN,1997,4
YALOVA,1997,1
YOZGAT,1997,0
ZONGULDAK,1997,0
ADANA,1998,39
ADIYAMAN,1998,5
AFYONKARAHISAR,1998,21
AGRI,1998,3
AKSARAY,1998,0
AMASYA,1998,5
ANKARA,1998,3
ANTALYA,1998,13
ARDAHAN,1998,0
ARTVIN,1998,0
AYDIN,1998,10
BALIKESIR,1998,109
BARTIN,1998,1
BATMAN,1998,0
BAYBURT,1998,0
BILECIK,1998,3
BINGOL,1998,8
BITLIS,1998,1
BOLU,1998,2
BURDUR,1998,9
BURSA,1998,82
CANAKKALE,1998,27
CANKIRI,1998,1
CORUM,1998,2
DENIZLI,1998,24
DIYARBAKIR,1998,0
DUZCE,1998,1
EDIRNE,1998,0
ELAZIG,1998,1
ERZINCAN,1998,1
ERZURUM,1998,7
ESKISEHIR,1998,2
GAZIANTEP,1998,0
GIRESUN,1998,0
GUMUSHANE,1998,1
HAKKARI,1998,0
HATAY,1998,2
IGDIR,1998,0
ISPARTA,1998,10
ISTANBUL,1998,14
IZMIR,1998,33
KAHRAMANMARAS,1998,1
KARABUK,1998,1
KARAMAN,1998,0
KARS,1998,0
KASTAMONU,1998,0
KAYSERI,1998,4
KILIS,1998,0
KIRIKKALE,1998,0
KIRKLARELI,1998,4
KIRSEHIR,1998,2
KOCAELI,1998,24
KONYA,1998,2
KUTAHYA,1998,240
MALATYA,1998,4
MANISA,1998,105
MARDIN,1998,0
MERSIN,1998,0
MUGLA,1998,22
MUS,1998,1
NEVSEHIR,1998,0
NIGDE,1998,3
ORDU,1998,0
OSMANIYE,1998,0
RIZE,1998,0
SAKARYA,1998,11
SAMSUN,1998,0
SANLIURFA,1998,0
SIIRT,1998,0
SINOP,1998,0
SIRNAK,1998,1
SIVAS,1998,0
TEKIRDAG,1998,6
TOKAT,1998,0
TRABZON,1998,0
TUNCELI,1998,1
USAK,1998,0
VAN,1998,0
YALOVA,1998,42
YOZGAT,1998,0
ZONGULDAK,1998,1
ADANA,1999,5
ADIYAMAN,1999,2
AFYONKARAHISAR,1999,12
AGRI,1999,0
AKSARAY,1999,0
AMASYA,1999,3
ANKARA,1999,7
ANTALYA,1999,8
ARDAHAN,1999,0
ARTVIN,1999,0
AYDIN,1999,8
BALIKESIR,1999,92
BARTIN,1999,0
BATMAN,1999,1
BAYBURT,1999,0
BILECIK,1999,5
BINGOL,1999,1
BITLIS,1999,0
BOLU,1999,27
BURDUR,1999,3
BURSA,1999,73
CANAKKALE,1999,12
CANKIRI,1999,18
CORUM,1999,4
DENIZLI,1999,15
DIYARBAKIR,1999,0
DUZCE,1999,67
EDIRNE,1999,0
ELAZIG,1999,8
ERZINCAN,1999,2
ERZURUM,1999,4
ESKISEHIR,1999,4
GAZIANTEP,1999,0
GIRESUN,1999,0
GUMUSHANE,1999,0
HAKKARI,1999,0
HATAY,1999,0
IGDIR,1999,0
ISPARTA,1999,4
ISTANBUL,1999,19
IZMIR,1999,74
KAHRAMANMARAS,1999,1
KARABUK,1999,1
KARAMAN,1999,0
KARS,1999,4
KASTAMONU,1999,5
KAYSERI,1999,0
KILIS,1999,0
KIRIKKALE,1999,0
KIRKLARELI,1999,0
KIRSEHIR,1999,0
KOCAELI,1999,71
KONYA,1999,4
KUTAHYA,1999,114
MALATYA,1999,0
MANISA,1999,184
MARDIN,1999,0
MERSIN,1999,0
MUGLA,1999,49
MUS,1999,1
NEVSEHIR,1999,0
NIGDE,1999,0
ORDU,1999,0
OSMANIYE,1999,1
RIZE,1999,0
SAKARYA,1999,79
SAMSUN,1999,1
SANLIURFA,1999,1
SIIRT,1999,0
SINOP,1999,1
SIRNAK,1999,0
SIVAS,1999,8
TEKIRDAG,1999,2
TOKAT,1999,1
TRABZON,1999,0
TUNCELI,1999,1
USAK,1999,3
VAN,1999,0
YALOVA,1999,33
YOZGAT,1999,0
ZONGULDAK,1999,0
ADANA,2000,3
ADIYAMAN,2000,0
AFYONKARAHISAR,2000,2
AGRI,2000,0
AKSARAY,2000,0
AMASYA,2000,0
ANKARA,2000,1
ANTALYA,2000,2
ARDAHAN,2000,0
ARTVIN,2000,0
AYDIN,2000,9
BALIKESIR,2000,17
BARTIN,2000,0
BATMAN,2000,0
BAYBURT,2000,0
BILECIK,2000,0
BINGOL,2000,1
BITLIS,2000,0
BOLU,2000,6
BURDUR,2000,0
BURSA,2000,12
CANAKKALE,2000,4
CANKIRI,2000,19
CORUM,2000,2
DENIZLI,2000,20
DIYARBAKIR,2000,0
DUZCE,2000,13
EDIRNE,2000,0
ELAZIG,2000,1
ERZINCAN,2000,1
ERZURUM,2000,4
ESKISEHIR,2000,1
GAZIANTEP,2000,1
GIRESUN,2000,0
GUMUSHANE,2000,0
HAKKARI,2000,3
HATAY,2000,0
IGDIR,2000,0
ISPARTA,2000,0
ISTANBUL,2000,4
IZMIR,2000,10
KAHRAMANMARAS,2000,3
KARABUK,2000,0
KARAMAN,2000,2
KARS,2000,0
KASTAMONU,2000,0
KAYSERI,2000,0
KILIS,2000,0
KIRIKKALE,2000,0
KIRKLARELI,2000,0
KIRSEHIR,2000,0
KOCAELI,2000,5
KONYA,2000,3
KUTAHYA,2000,11
MALATYA,2000,2
MANISA,2000,7
MARDIN,2000,0
MERSIN,2000,2
MUGLA,2000,5
MUS,2000,0
NEVSEHIR,2000,0
NIGDE,2000,0
ORDU,2000,0
OSMANIYE,2000,2
RIZE,2000,0
SAKARYA,2000,13
SAMSUN,2000,0
SANLIURFA,2000,0
SIIRT,2000,0
SINOP,2000,0
SIRNAK,2000,1
SIVAS,2000,0
TEKIRDAG,2000,0
TOKAT,2000,0
TRABZON,2000,0
TUNCELI,2000,0
USAK,2000,0
VAN,2000,6
YALOVA,2000,4
YOZGAT,2000,0
ZONGULDAK,2000,1
ADANA,2001,2
ADIYAMAN,2001,2
AFYONKARAHISAR,2001,8
AGRI,2001,1
AKSARAY,2001,1
AMASYA,2001,2
ANKARA,2001,1
ANTALYA,2001,4
ARDAHAN,2001,0
ARTVIN,2001,0
AYDIN,2001,3
BALIKESIR,2001,52
BARTIN,2001,0
BATMAN,2001,0
BAYBURT,2001,0
BILECIK,2001,1
BINGOL,2001,0
BITLIS,2001,2
BOLU,2001,3
BURDUR,2001,4
BURSA,2001,9
CANAKKALE,2001,15
CANKIRI,2001,7
CORUM,2001,0
DENIZLI,2001,5
DIYARBAKIR,2001,4
DUZCE,2001,7
EDIRNE,2001,0
ELAZIG,2001,2
ERZINCAN,2001,0
ERZURUM,2001,6
ESKISEHIR,2001,1
GAZIANTEP,2001,0
GIRESUN,2001,0
GUMUSHANE,2001,0
HAKKARI,2001,1
HATAY,2001,0
IGDIR,2001,1
ISPARTA,2001,0
ISTANBUL,2001,0
IZMIR,2001,28
KAHRAMANMARAS,2001,0
KARABUK,2001,0
KARAMAN,2001,0
KARS,2001,0
KASTAMONU,2001,1
KAYSERI,2001,1
KILIS,2001,0
KIRIKKALE,2001,2
KIRKLARELI,2001,0
KIRSEHIR,2001,0
KOCAELI,2001,3
KONYA,2001,1
KUTAHYA,2001,24
MALATYA,2001,0
MANISA,2001,32
MARDIN,2001,0
MERSIN,2001,2
MUGLA,2001,5
MUS,2001,2
NEVSEHIR,2001,0
NIGDE,2001,0
ORDU,2001,0
OSMANIYE,2001,5
RIZE,2001,0
SAKARYA,2001,12
SAMSUN,2001,0
SANLIURFA,2001,0
SIIRT,2001,1
SINOP,2001,0
SIRNAK,2001,0
SIVAS,2001,2
TEKIRDAG,2001,2
TOKAT,2001,1
TRABZON,2001,0
TUNCELI,2001,0
USAK,2001,0
VAN,2001,2
YALOVA,2001,5
YOZGAT,2001,1
ZONGULDAK,2001,0
ADANA,2002,0
ADIYAMAN,2002,1
AFYONKARAHISAR,2002,24
AGRI,2002,0
AKSARAY,2002,0
AMASYA,2002,0
ANKARA,2002,0
ANTALYA,2002,5
ARDAHAN,2002,1
ARTVIN,2002,0
AYDIN,2002,2
BALIKESIR,2002,4
BARTIN,2002,0
BATMAN,2002,0
BAYBURT,2002,0
BILECIK,2002,1
BINGOL,2002,1
BITLIS,2002,0
BOLU,2002,0
BURDUR,2002,0
BURSA,2002,2
CANAKKALE,2002,2
CANKIRI,2002,4
CORUM,2002,0
DENIZLI,2002,1
DIYARBAKIR,2002,0
DUZCE,2002,0
EDIRNE,2002,1
ELAZIG,2002,0
ERZINCAN,2002,1
ERZURUM,2002,0
ESKISEHIR,2002,0
GAZIANTEP,2002,0
GIRESUN,2002,0
GUMUSHANE,2002,0
HAKKARI,2002,0
HATAY,2002,0
IGDIR,2002,0
ISPARTA,2002,3
ISTANBUL,2002,0
IZMIR,2002,12
KAHRAMANMARAS,2002,1
KARABUK,2002,0
KARAMAN,2002,0
KARS,2002,0
KASTAMONU,2002,0
KAYSERI,2002,0
KILIS,2002,0
KIRIKKALE,2002,0
KIRKLARELI,2002,0
KIRSEHIR,2002,0
KOCAELI,2002,2
KONYA,2002,2
KUTAHYA,2002,0
MALATYA,2002,0
MANISA,2002,10
MARDIN,2002,0
MERSIN,2002,0
MUGLA,2002,3
MUS,2002,0
NEVSEHIR,2002,0
NIGDE,2002,0
ORDU,2002,0
OSMANIYE,2002,1
RIZE,2002,0
SAKARYA,2002,0
SAMSUN,2002,0
SANLIURFA,2002,0
SIIRT,2002,0
SINOP,2002,0
SIRNAK,2002,1
SIVAS,2002,0
TEKIRDAG,2002,0
TOKAT,2002,0
TRABZON,2002,0
TUNCELI,2002,1
USAK,2002,0
VAN,2002,1
YALOVA,2002,0
YOZGAT,2002,1
ZONGULDAK,2002,1
ADANA,2003,1
ADIYAMAN,2003,1
AFYONKARAHISAR,2003,1
AGRI,2003,0
AKSARAY,2003,1
AMASYA,2003,1
ANKARA,2003,4
ANTALYA,2003,4
ARDAHAN,2003,0
ARTVIN,2003,0
AYDIN,2003,1
BALIKESIR,2003,11
BARTIN,2003,0
BATMAN,2003,0
BAYBURT,2003,0
BILECIK,2003,0
BINGOL,2003,12
BITLIS,2003,0
BOLU,2003,2
BURDUR,2003,0
BURSA,2003,4
CANAKKALE,2003,6
CANKIRI,2003,0
CORUM,2003,0
DENIZLI,2003,9
DIYARBAKIR,2003,0
DUZCE,2003,1
EDIRNE,2003,0
ELAZIG,2003,0
ERZINCAN,2003,2
ERZURUM,2003,0
ESKISEHIR,2003,1
GAZIANTEP,2003,0
GIRESUN,2003,0
GUMUSHANE,2003,0
HAKKARI,2003,0
HATAY,2003,0
IGDIR,2003,0
ISPARTA,2003,1
ISTANBUL,2003,0
IZMIR,2003,27
KAHRAMANMARAS,2003,1
KARABUK,2003,0
KARAMAN,2003,0
KARS,2003,0
KASTAMONU,2003,0
KAYSERI,2003,0
KILIS,2003,0
KIRIKKALE,2003,0
KIRKLARELI,2003,0
KIRSEHIR,2003,0
KOCAELI,2003,0
KONYA,2003,0
KUTAHYA,2003,0
MALATYA,2003,2
MANISA,2003,7
MARDIN,2003,0
MERSIN,2003,0
MUGLA,2003,10
MUS,2003,0
NEVSEHIR,2003,0
NIGDE,2003,0
ORDU,2003,0
OSMANIYE,2003,1
RIZE,2003,0
SAKARYA,2003,3
SAMSUN,2003,0
SANLIURFA,2003,0
SIIRT,2003,0
SINOP,2003,0
SIRNAK,2003,1
SIVAS,2003,0
TEKIRDAG,2003,0
TOKAT,2003,0
TRABZON,2003,0
TUNCELI,2003,1
USAK,2003,1
VAN,2003,2
YALOVA,2003,0
YOZGAT,2003,0
ZONGULDAK,2003,2
ADANA,2004,6
ADIYAMAN,2004,3
AFYONKARAHISAR,2004,17
AGRI,2004,3
AKSARAY,2004,0
AMASYA,2004,2
ANKARA,2004,20
ANTALYA,2004,7
ARDAHAN,2004,0
ARTVIN,2004,0
AYDIN,2004,11
BALIKESIR,2004,17
BARTIN,2004,0
BATMAN,2004,0
BAYBURT,2004,0
BILECIK,2004,0
BINGOL,2004,11
BITLIS,2004,0
BOLU,2004,3
BURDUR,2004,3
BURSA,2004,10
CANAKKALE,2004,6
CANKIRI,2004,9
CORUM,2004,12
DENIZLI,2004,22
DIYARBAKIR,2004,1
DUZCE,2004,2
EDIRNE,2004,2
ELAZIG,2004,17
ERZINCAN,2004,9
ERZURUM,2004,17
ESKISEHIR,2004,3
GAZIANTEP,2004,0
GIRESUN,2004,1
GUMUSHANE,2004,2
HAKKARI,2004,1
HATAY,2004,0
IGDIR,2004,4
ISPARTA,2004,4
ISTANBUL,2004,14
IZMIR,2004,12
KAHRAMANMARAS,2004,6
KARABUK,2004,1
KARAMAN,2004,0
KARS,2004,0
KASTAMONU,2004,0
KAYSERI,2004,4
KILIS,2004,0
KIRIKKALE,2004,1
KIRKLARELI,2004,0
KIRSEHIR,2004,3
KOCAELI,2004,8
KONYA,2004,6
KUTAHYA,2004,38
MALATYA,2004,6
MANISA,2004,56
MARDIN,2004,0
MERSIN,2004,3
MUGLA,2004,80
MUS,2004,1
NEVSEHIR,2004,0
NIGDE,2004,0
ORDU,2004,2
OSMANIYE,2004,7
RIZE,2004,0
SAKARYA,2004,4
SAMSUN,2004,3
SANLIURFA,2004,1
SIIRT,2004,0
SINOP,2004,0
SIRNAK,2004,0
SIVAS,2004,5
TEKIRDAG,2004,3
TOKAT,2004,1
TRABZON,2004,0
TUNCELI,2004,5
USAK,2004,1
VAN,2004,3
YALOVA,2004,7
YOZGAT,2004,0
ZONGULDAK,2004,0
ADANA,2005,3
ADIYAMAN,2005,0
AFYONKARAHISAR,2005,15
AGRI,2005,0
AKSARAY,2005,0
AMASYA,2005,0
ANKARA,2005,18
ANTALYA,2005,9
ARDAHAN,2005,1
ARTVIN,2005,0
AYDIN,2005,10
BALIKESIR,2005,23
BARTIN,2005,0
BATMAN,2005,0
BAYBURT,2005,0
BILECIK,2005,0
BINGOL,2005,26
BITLIS,2005,1
BOLU,2005,1
BURDUR,2005,6
BURSA,2005,6
CANAKKALE,2005,6
CANKIRI,2005,11
CORUM,2005,3
DENIZLI,2005,12
DIYARBAKIR,2005,0
DUZCE,2005,2
EDIRNE,2005,0
ELAZIG,2005,17
ERZINCAN,2005,1
ERZURUM,2005,16
ESKISEHIR,2005,1
GAZIANTEP,2005,0
GIRESUN,2005,1
GUMUSHANE,2005,0
HAKKARI,2005,13
HATAY,2005,0
IGDIR,2005,3
ISPARTA,2005,6
ISTANBUL,2005,0
IZMIR,2005,188
KAHRAMANMARAS,2005,0
KARABUK,2005,2
KARAMAN,2005,0
KARS,2005,0
KASTAMONU,2005,7
KAYSERI,2005,2
KILIS,2005,0
KIRIKKALE,2005,1
KIRKLARELI,2005,0
KIRSEHIR,2005,1
KOCAELI,2005,1
KONYA,2005,7
KUTAHYA,2005,12
MALATYA,2005,6
MANISA,2005,40
MARDIN,2005,0
MERSIN,2005,0
MUGLA,2005,46
MUS,2005,1
NEVSEHIR,2005,0
NIGDE,2005,0
ORDU,2005,0
OSMANIYE,2005,3
RIZE,2005,0
SAKARYA,2005,4
SAMSUN,2005,1
SANLIURFA,2005,2
SIIRT,2005,0
SINOP,2005,0
SIRNAK,2005,1
SIVAS,2005,2
TEKIRDAG,2005,3
TOKAT,2005,7
TRABZON,2005,1
TUNCELI,2005,0
USAK,2005,0
VAN,2005,8
YALOVA,2005,0
YOZGAT,2005,0
ZONGULDAK,2005,1
ADANA,2006,1
ADIYAMAN,2006,3
AFYONKARAHISAR,2006,8
AGRI,2006,2
AKSARAY,2006,0
AMASYA,2006,4
ANKARA,2006,19
ANTALYA,2006,7
ARDAHAN,2006,0
ARTVIN,2006,0
AYDIN,2006,11
BALIKESIR,2006,20
BARTIN,2006,1
BATMAN,2006,1
BAYBURT,2006,0
BILECIK,2006,0
BINGOL,2006,8
BITLIS,2006,5
BOLU,2006,4
BURDUR,2006,3
BURSA,2006,7
CANAKKALE,2006,12
CANKIRI,2006,5
CORUM,2006,6
DENIZLI,2006,10
DIYARBAKIR,2006,0
DUZCE,2006,2
EDIRNE,2006,0
ELAZIG,2006,6
ERZINCAN,2006,12
ERZURUM,2006,9
ESKISEHIR,2006,1
GAZIANTEP,2006,2
GIRESUN,2006,0
GUMUSHANE,2006,0
HAKKARI,2006,2
HATAY,2006,1
IGDIR,2006,0
ISPARTA,2006,1
ISTANBUL,2006,0
IZMIR,2006,38
KAHRAMANMARAS,2006,4
KARABUK,2006,0
KARAMAN,2006,0
KARS,2006,1
KASTAMONU,2006,1
KAYSERI,2006,7
KILIS,2006,0
KIRIKKALE,2006,1
KIRKLARELI,2006,0
KIRSEHIR,2006,0
KOCAELI,2006,0
KONYA,2006,6
KUTAHYA,2006,5
MALATYA,2006,2
MANISA,2006,18
MARDIN,2006,0
MERSIN,2006,2
MUGLA,2006,61
MUS,2006,2
NEVSEHIR,2006,0
NIGDE,2006,1
ORDU,2006,0
OSMANIYE,2006,4
RIZE,2006,0
SAKARYA,2006,6
SAMSUN,2006,0
SANLIURFA,2006,4
SIIRT,2006,0
SINOP,2006,1
SIRNAK,2006,0
SIVAS,2006,4
TEKIRDAG,2006,0
TOKAT,2006,1
TRABZON,2006,0
TUNCELI,2006,1
USAK,2006,0
VAN,2006,3
YALOVA,2006,3
YOZGAT,2006,1
ZONGULDAK,2006,0
ADANA,2007,6
ADIYAMAN,2007,0
AFYONKARAHISAR,2007,2
AGRI,2007,4
AKSARAY,2007,0
AMASYA,2007,0
ANKARA,2007,7
ANTALYA,2007,8
ARDAHAN,2007,0
ARTVIN,2007,0
AYDIN,2007,9
BALIKESIR,2007,16
BARTIN,2007,0
BATMAN,2007,0
BAYBURT,2007,1
BILECIK,2007,0
BINGOL,2007,14
BITLIS,2007,3
BOLU,2007,1
BURDUR,2007,6
BURSA,2007,2
CANAKKALE,2007,7
CANKIRI,2007,0
CORUM,2007,0
DENIZLI,2007,53
DIYARBAKIR,2007,7
DUZCE,2007,1
EDIRNE,2007,0
ELAZIG,2007,14
ERZINCAN,2007,4
ERZURUM,2007,6
ESKISEHIR,2007,1
GAZIANTEP,2007,0
GIRESUN,2007,0
GUMUSHANE,2007,0
HAKKARI,2007,2
HATAY,2007,0
IGDIR,2007,0
ISPARTA,2007,42
ISTANBUL,2007,0
IZMIR,2007,36
KAHRAMANMARAS,2007,3
KARABUK,2007,0
KARAMAN,2007,2
KARS,2007,0
KASTAMONU,2007,1
KAYSERI,2007,0
KILIS,2007,0
KIRIKKALE,2007,3
KIRKLARELI,2007,0
KIRSEHIR,2007,0
KOCAELI,2007,1
KONYA,2007,3
KUTAHYA,2007,6
MALATYA,2007,4
MANISA,2007,11
MARDIN,2007,0
MERSIN,2007,3
MUGLA,2007,23
MUS,2007,1
NEVSEHIR,2007,0
NIGDE,2007,1
ORDU,2007,0
OSMANIYE,2007,2
RIZE,2007,0
SAKARYA,2007,2
SAMSUN,2007,0
SANLIURFA,2007,1
SIIRT,2007,0
SINOP,2007,0
SIRNAK,2007,0
SIVAS,2007,2
TEKIRDAG,2007,0
TOKAT,2007,0
TRABZON,2007,0
TUNCELI,2007,0
USAK,2007,0
VAN,2007,2
YALOVA,2007,0
YOZGAT,2007,0
ZONGULDAK,2007,0
ADANA,2008,3
ADIYAMAN,2008,2
AFYONKARAHISAR,2008,0
AGRI,2008,0
AKSARAY,2008,0
AMASYA,2008,0
ANKARA,2008,8
ANTALYA,2008,9
ARDAHAN,2008,0
ARTVIN,2008,0
AYDIN,2008,9
BALIKESIR,2008,9
BARTIN,2008,0
BATMAN,2008,0
BAYBURT,2008,0
BILECIK,2008,0
BINGOL,2008,1
BITLIS,2008,0
BOLU,2008,3
BURDUR,2008,1
BURSA,2008,1
CANAKKALE,2008,14
CANKIRI,2008,0
CORUM,2008,6
DENIZLI,2008,88
DIYARBAKIR,2008,0
DUZCE,2008,0
EDIRNE,2008,0
ELAZIG,2008,0
ERZINCAN,2008,5
ERZURUM,2008,4
ESKISEHIR,2008,0
GAZIANTEP,2008,0
GIRESUN,2008,0
GUMUSHANE,2008,0
HAKKARI,2008,6
HATAY,2008,1
IGDIR,2008,0
ISPARTA,2008,1
ISTANBUL,2008,0
IZMIR,2008,18
KAHRAMANMARAS,2008,1
KARABUK,2008,0
KARAMAN,2008,0
KARS,2008,1
KASTAMONU,2008,0
KAYSERI,2008,2
KILIS,2008,0
KIRIKKALE,2008,1
KIRKLARELI,2008,0
KIRSEHIR,2008,0
KOCAELI,2008,0
KONYA,2008,0
KUTAHYA,2008,2
MALATYA,2008,0
MANISA,2008,9
MARDIN,2008,0
MERSIN,2008,0
MUGLA,2008,17
MUS,2008,3
NEVSEHIR,2008,0
NIGDE,2008,0
ORDU,2008,0
OSMANIYE,2008,0
RIZE,2008,0
SAKARYA,2008,1
SAMSUN,2008,0
SANLIURFA,2008,1
SIIRT,2008,0
SINOP,2008,0
SIRNAK,2008,0
SIVAS,2008,0
TEKIRDAG,2008,1
TOKAT,2008,1
TRABZON,2008,0
TUNCELI,2008,1
USAK,2008,0
VAN,2008,1
YALOVA,2008,1
YOZGAT,2008,0
ZONGULDAK,2008,0
ADANA,2009,1
ADIYAMAN,2009,0
AFYONKARAHISAR,2009,0
AGRI,2009,0
AKSARAY,2009,0
AMASYA,2009,0
ANKARA,2009,0
ANTALYA,2009,0
ARDAHAN,2009,0
ARTVIN,2009,0
AYDIN,2009,5
BALIKESIR,2009,0
BARTIN,2009,0
BATMAN,2009,0
BAYBURT,2009,0
BILECIK,2009,0
BINGOL,2009,0
BITLIS,2009,0
BOLU,2009,0
BURDUR,2009,1
BURSA,2009,0
CANAKKALE,2009,1
CANKIRI,2009,0
CORUM,2009,0
DENIZLI,2009,1
DIYARBAKIR,2009,0
DUZCE,2009,0
EDIRNE,2009,0
ELAZIG,2009,0
ERZINCAN,2009,1
ERZURUM,2009,1
ESKISEHIR,2009,0
GAZIANTEP,2009,0
GIRESUN,2009,0
GUMUSHANE,2009,0
HAKKARI,2009,0
HATAY,2009,1
IGDIR,2009,0
ISPARTA,2009,0
ISTANBUL,2009,0
IZMIR,2009,0
KAHRAMANMARAS,2009,0
KARABUK,2009,0
KARAMAN,2009,0
KARS,2009,0
KASTAMONU,2009,1
KAYSERI,2009,0
KILIS,2009,0
KIRIKKALE,2009,0
KIRKLARELI,2009,0
KIRSEHIR,2009,0
KOCAELI,2009,0
KONYA,2009,2
KUTAHYA,2009,1
MALATYA,2009,1
MANISA,2009,0
MARDIN,2009,0
MERSIN,2009,0
MUGLA,2009,0
MUS,2009,1
NEVSEHIR,2009,0
NIGDE,2009,0
ORDU,2009,0
OSMANIYE,2009,1
RIZE,2009,0
SAKARYA,2009,0
SAMSUN,2009,0
SANLIURFA,2009,0
SIIRT,2009,0
SINOP,2009,0
SIRNAK,2009,0
SIVAS,2009,0
TEKIRDAG,2009,0
TOKAT,2009,0
TRABZON,2009,0
TUNCELI,2009,0
USAK,2009,0
VAN,2009,0
YALOVA,2009,0
YOZGAT,2009,0
ZONGULDAK,2009,0
ADANA,2010,1
ADIYAMAN,2010,1
AFYONKARAHISAR,2010,0
AGRI,2010,0
AKSARAY,2010,0
AMASYA,2010,0
ANKARA,2010,2
ANTALYA,2010,3
ARDAHAN,2010,0
ARTVIN,2010,0
AYDIN,2010,1
BALIKESIR,2010,1
BARTIN,2010,0
BATMAN,2010,0
BAYBURT,2010,0
BILECIK,2010,0
BINGOL,2010,1
BITLIS,2010,0
BOLU,2010,0
BURDUR,2010,0
BURSA,2010,0
CANAKKALE,2010,0
CANKIRI,2010,0
CORUM,2010,1
DENIZLI,2010,0
DIYARBAKIR,2010,0
DUZCE,2010,0
EDIRNE,2010,0
ELAZIG,2010,10
ERZINCAN,2010,1
ERZURUM,2010,0
ESKISEHIR,2010,0
GAZIANTEP,2010,0
GIRESUN,2010,0
GUMUSHANE,2010,0
HAKKARI,2010,0
HATAY,2010,0
IGDIR,2010,0
ISPARTA,2010,0
ISTANBUL,2010,0
IZMIR,2010,3
KAHRAMANMARAS,2010,0
KARABUK,2010,0
KARAMAN,2010,0
KARS,2010,0
KASTAMONU,2010,0
KAYSERI,2010,0
KILIS,2010,0
KIRIKKALE,2010,0
KIRKLARELI,2010,0
KIRSEHIR,2010,0
KOCAELI,2010,0
KONYA,2010,0
KUTAHYA,2010,1
MALATYA,2010,0
MANISA,2010,0
MARDIN,2010,0
MERSIN,2010,0
MUGLA,2010,1
MUS,2010,1
NEVSEHIR,2010,0
NIGDE,2010,0
ORDU,2010,0
OSMANIYE,2010,1
RIZE,2010,0
SAKARYA,2010,0
SAMSUN,2010,0
SANLIURFA,2010,0
SIIRT,2010,0
SINOP,2010,0
SIRNAK,2010,0
SIVAS,2010,2
TEKIRDAG,2010,0
TOKAT,2010,0
TRABZON,2010,0
TUNCELI,2010,2
USAK,2010,0
VAN,2010,0
YALOVA,2010,0
YOZGAT,2010,0
ZONGULDAK,2010,0
ADANA,2011,2
ADIYAMAN,2011,0
AFYONKARAHISAR,2011,1
AGRI,2011,0
AKSARAY,2011,0
AMASYA,2011,0
ANKARA,2011,0
ANTALYA,2011,0
ARDAHAN,2011,0
ARTVIN,2011,0
AYDIN,2011,1
BALIKESIR,2011,2
BARTIN,2011,0
BATMAN,2011,0
BAYBURT,2011,0
BILECIK,2011,1
BINGOL,2011,2
BITLIS,2011,2
BOLU,2011,0
BURDUR,2011,1
BURSA,2011,0
CANAKKALE,2011,0
CANKIRI,2011,0
CORUM,2011,0
DENIZLI,2011,1
DIYARBAKIR,2011,0
DUZCE,2011,0
EDIRNE,2011,0
ELAZIG,2011,2
ERZINCAN,2011,3
ERZURUM,2011,0
ESKISEHIR,2011,0
GAZIANTEP,2011,0
GIRESUN,2011,0
GUMUSHANE,2011,0
HAKKARI,2011,2
HATAY,2011,0
IGDIR,2011,0
ISPARTA,2011,0
ISTANBUL,2011,0
IZMIR,2011,0
KAHRAMANMARAS,2011,1
KARABUK,2011,0
KARAMAN,2011,0
KARS,2011,0
KASTAMONU,2011,0
KAYSERI,2011,2
KILIS,2011,0
KIRIKKALE,2011,0
KIRKLARELI,2011,0
KIRSEHIR,2011,0
KOCAELI,2011,1
KONYA,2011,1
KUTAHYA,2011,17
MALATYA,2011,0
MANISA,2011,0
MARDIN,2011,0
MERSIN,2011,0
MUGLA,2011,3
MUS,2011,5
NEVSEHIR,2011,0
NIGDE,2011,1
ORDU,2011,0
OSMANIYE,2011,0
RIZE,2011,0
SAKARYA,2011,0
SAMSUN,2011,0
SANLIURFA,2011,0
SIIRT,2011,0
SINOP,2011,0
SIRNAK,2011,1
SIVAS,2011,0
TEKIRDAG,2011,0
TOKAT,2011,0
TRABZON,2011,0
TUNCELI,2011,1
USAK,2011,0
VAN,2011,154
YALOVA,2011,0
YOZGAT,2011,0
ZONGULDAK,2011,0
ADANA,2012,2
ADIYAMAN,2012,1
AFYONKARAHISAR,2012,2
AGRI,2012,2
AKSARAY,2012,0
AMASYA,2012,0
ANKARA,2012,0
ANTALYA,2012,0
ARDAHAN,2012,0
ARTVIN,2012,0
AYDIN,2012,0
BALIKESIR,2012,1
BARTIN,2012,0
BATMAN,2012,0
BAYBURT,2012,0
BILECIK,2012,0
BINGOL,2012,1
BITLIS,2012,1
BOLU,2012,0
BURDUR,2012,0
BURSA,2012,0
CANAKKALE,2012,1
CANKIRI,2012,0
CORUM,2012,0
DENIZLI,2012,1
DIYARBAKIR,2012,1
DUZCE,2012,0
EDIRNE,2012,0
ELAZIG,2012,0
ERZINCAN,2012,0
ERZURUM,2012,0
ESKISEHIR,2012,0
GAZIANTEP,2012,1
GIRESUN,2012,0
GUMUSHANE,2012,0
HAKKARI,2012,0
HATAY,2012,0
IGDIR,2012,0
ISPARTA,2012,0
ISTANBUL,2012,0
IZMIR,2012,1
KAHRAMANMARAS,2012,7
KARABUK,2012,0
KARAMAN,2012,0
KARS,2012,0
KASTAMONU,2012,0
KAYSERI,2012,0
KILIS,2012,1
KIRIKKALE,2012,0
KIRKLARELI,2012,0
KIRSEHIR,2012,1
KOCAELI,2012,0
KONYA,2012,0
KUTAHYA,2012,15
MALATYA,2012,1
MANISA,2012,5
MARDIN,2012,0
MERSIN,2012,0
MUGLA,2012,4
MUS,2012,1
NEVSEHIR,2012,0
NIGDE,2012,0
ORDU,2012,0
OSMANIYE,2012,1
RIZE,2012,0
SAKARYA,2012,0
SAMSUN,2012,0
SANLIURFA,2012,0
SIIRT,2012,1
SINOP,2012,0
SIRNAK,2012,2
SIVAS,2012,0
TEKIRDAG,2012,0
TOKAT,2012,0
TRABZON,2012,0
TUNCELI,2012,1
USAK,2012,0
VAN,2012,28
YALOVA,2012,0
YOZGAT,2012,1
ZONGULDAK,2012,0
ADANA,2013,1
ADIYAMAN,2013,2
AFYONKARAHISAR,2013,1
AGRI,2013,1
AKSARAY,2013,0
AMASYA,2013,1
ANKARA,2013,0
ANTALYA,2013,1
ARDAHAN,2013,0
ARTVIN,2013,0
AYDIN,2013,0
BALIKESIR,2013,0
BARTIN,2013,1
BATMAN,2013,0
BAYBURT,2013,0
BILECIK,2013,0
BINGOL,2013,1
BITLIS,2013,0
BOLU,2013,1
BURDUR,2013,0
BURSA,2013,2
CANAKKALE,2013,0
CANKIRI,2013,0
CORUM,2013,1
DENIZLI,2013,0
DIYARBAKIR,2013,0
DUZCE,2013,0
EDIRNE,2013,0
ELAZIG,2013,0
ERZINCAN,2013,0
ERZURUM,2013,2
ESKISEHIR,2013,0
GAZIANTEP,2013,0
GIRESUN,2013,0
GUMUSHANE,2013,0
HAKKARI,2013,0
HATAY,2013,0
IGDIR,2013,0
ISPARTA,2013,0
ISTANBUL,2013,0
IZMIR,2013,0
KAHRAMANMARAS,2013,4
KARABUK,2013,0
KARAMAN,2013,0
KARS,2013,0
KASTAMONU,2013,1
KAYSERI,2013,0
KILIS,2013,0
KIRIKKALE,2013,0
KIRKLARELI,2013,0
KIRSEHIR,2013,0
KOCAELI,2013,0
KONYA,2013,0
KUTAHYA,2013,2
MALATYA,2013,0
MANISA,2013,1
MARDIN,2013,0
MERSIN,2013,0
MUGLA,2013,3
MUS,2013,2
NEVSEHIR,2013,0
NIGDE,2013,0
ORDU,2013,0
OSMANIYE,2013,1
RIZE,2013,0
SAKARYA,2013,0
SAMSUN,2013,0
SANLIURFA,2013,0
SIIRT,2013,0
SINOP,2013,0
SIRNAK,2013,0
SIVAS,2013,0
TEKIRDAG,2013,0
TOKAT,2013,0
TRABZON,2013,0
TUNCELI,2013,0
USAK,2013,0
VAN,2013,12
YALOVA,2013,0
YOZGAT,2013,0
ZONGULDAK,2013,0
ADANA,2014,1
ADIYAMAN,2014,0
AFYONKARAHISAR,2014,0
AGRI,2014,0
AKSARAY,2014,0
AMASYA,2014,0
ANKARA,2014,0
ANTALYA,2014,1
ARDAHAN,2014,0
ARTVIN,2014,0
AYDIN,2014,0
BALIKESIR,2014,2
BARTIN,2014,0
BATMAN,2014,0
BAYBURT,2014,0
BILECIK,2014,0
BINGOL,2014,0
BITLIS,2014,1
BOLU,2014,0
BURDUR,2014,1
BURSA,2014,0
CANAKKALE,2014,1
CANKIRI,2014,0
CORUM,2014,0
DENIZLI,2014,1
DIYARBAKIR,2014,0
DUZCE,2014,0
EDIRNE,2014,0
ELAZIG,2014,0
ERZINCAN,2014,0
ERZURUM,2014,1
ESKISEHIR,2014,0
GAZIANTEP,2014,0
GIRESUN,2014,0
GUMUSHANE,2014,0
HAKKARI,2014,0
HATAY,2014,0
IGDIR,2014,0
ISPARTA,2014,1
ISTANBUL,2014,0
IZMIR,2014,2
KAHRAMANMARAS,2014,1
KARABUK,2014,0
KARAMAN,2014,0
KARS,2014,0
KASTAMONU,2014,0
KAYSERI,2014,0
KILIS,2014,0
KIRIKKALE,2014,0
KIRKLARELI,2014,0
KIRSEHIR,2014,0
KOCAELI,2014,0
KONYA,2014,1
KUTAHYA,2014,3
MALATYA,2014,1
MANISA,2014,2
MARDIN,2014,0
MERSIN,2014,0
MUGLA,2014,6
MUS,2014,0
NEVSEHIR,2014,0
NIGDE,2014,0
ORDU,2014,0
OSMANIYE,2014,1
RIZE,2014,0
SAKARYA,2014,1
SAMSUN,2014,0
SANLIURFA,2014,0
SIIRT,2014,0
SINOP,2014,0
SIRNAK,2014,0
SIVAS,2014,1
TEKIRDAG,2014,0
TOKAT,2014,0
TRABZON,2014,0
TUNCELI,2014,1
USAK,2014,0
VAN,2014,6
YALOVA,2014,1
YOZGAT,2014,0
ZONGULDAK,2014,0
ADANA,2015,0
ADIYAMAN,2015,0
AFYONKARAHISAR,2015,0
AGRI,2015,0
AKSARAY,2015,0
AMASYA,2015,0
ANKARA,2015,2
ANTALYA,2015,5
ARDAHAN,2015,0
ARTVIN,2015,0
AYDIN,2015,0
BALIKESIR,2015,0
BARTIN,2015,0
BATMAN,2015,0
BAYBURT,2015,0
BILECIK,2015,0
BINGOL,2015,6
BITLIS,2015,0
BOLU,2015,1
BURDUR,2015,1
BURSA,2015,1
CANAKKALE,2015,3
CANKIRI,2015,0
CORUM,2015,0
DENIZLI,2015,2
DIYARBAKIR,2015,0
DUZCE,2015,0
EDIRNE,2015,0
ELAZIG,2015,0
ERZINCAN,2015,0
ERZURUM,2015,0
ESKISEHIR,2015,1
GAZIANTEP,2015,1
GIRESUN,2015,0
GUMUSHANE,2015,0
HAKKARI,2015,0
HATAY,2015,1
IGDIR,2015,0
ISPARTA,2015,0
ISTANBUL,2015,0
IZMIR,2015,2
KAHRAMANMARAS,2015,2
KARABUK,2015,0
KARAMAN,2015,0
KARS,2015,0
KASTAMONU,2015,1
KAYSERI,2015,0
KILIS,2015,0
KIRIKKALE,2015,0
KIRKLARELI,2015,0
KIRSEHIR,2015,0
KOCAELI,2015,0
KONYA,2015,0
KUTAHYA,2015,2
MALATYA,2015,3
MANISA,2015,0
MARDIN,2015,0
MERSIN,2015,1
MUGLA,2015,3
MUS,2015,0
NEVSEHIR,2015,0
NIGDE,2015,0
ORDU,2015,0
OSMANIYE,2015,0
RIZE,2015,0
SAKARYA,2015,0
SAMSUN,2015,0
SANLIURFA,2015,0
SIIRT,2015,1
SINOP,2015,0
SIRNAK,2015,0
SIVAS,2015,0
TEKIRDAG,2015,0
TOKAT,2015,1
TRABZON,2015,0
TUNCELI,2015,0
USAK,2015,0
VAN,2015,3
YALOVA,2015,0
YOZGAT,2015,0
ZONGULDAK,2015,0
ADANA,2016,1
ADIYAMAN,2016,0
AFYONKARAHISAR,2016,0
AGRI,2016,0
AKSARAY,2016,0
AMASYA,2016,0
ANKARA,2016,1
ANTALYA,2016,1
ARDAHAN,2016,0
ARTVIN,2016,0
AYDIN,2016,0
BALIKESIR,2016,0
BARTIN,2016,0
BATMAN,2016,0
BAYBURT,2016,0
BILECIK,2016,0
BINGOL,2016,2
BITLIS,2016,2
BOLU,2016,0
BURDUR,2016,0
BURSA,2016,1
CANAKKALE,2016,0
CANKIRI,2016,0
CORUM,2016,1
DENIZLI,2016,1
DIYARBAKIR,2016,0
DUZCE,2016,1
EDIRNE,2016,0
ELAZIG,2016,0
ERZINCAN,2016,1
ERZURUM,2016,0
ESKISEHIR,2016,1
GAZIANTEP,2016,0
GIRESUN,2016,0
GUMUSHANE,2016,0
HAKKARI,2016,0
HATAY,2016,0
IGDIR,2016,0
ISPARTA,2016,0
ISTANBUL,2016,0
IZMIR,2016,0
KAHRAMANMARAS,2016,0
KARABUK,2016,0
KARAMAN,2016,0
KARS,2016,0
KASTAMONU,2016,0
KAYSERI,2016,1
KILIS,2016,0
KIRIKKALE,2016,0
KIRKLARELI,2016,0
KIRSEHIR,2016,1
KOCAELI,2016,0
KONYA,2016,0
KUTAHYA,2016,0
MALATYA,2016,2
MANISA,2016,5
MARDIN,2016,0
MERSIN,2016,0
MUGLA,2016,2
MUS,2016,0
NEVSEHIR,2016,0
NIGDE,2016,0
ORDU,2016,0
OSMANIYE,2016,0
RIZE,2016,0
SAKARYA,2016,0
SAMSUN,2016,0
SANLIURFA,2016,0
SIIRT,2016,0
SINOP,2016,0
SIRNAK,2016,0
SIVAS,2016,1
TEKIRDAG,2016,0
TOKAT,2016,0
TRABZON,2016,0
TUNCELI,2016,0
USAK,2016,0
VAN,2016,4
YALOVA,2016,0
YOZGAT,2016,0
ZONGULDAK,2016,0
ADANA,2017,0
ADIYAMAN,2017,1
AFYONKARAHISAR,2017,0
AGRI,2017,1
AKSARAY,2017,0
AMASYA,2017,0
ANKARA,2017,0
ANTALYA,2017,1
ARDAHAN,2017,0
ARTVIN,2017,0
AYDIN,2017,0
BALIKESIR,2017,2
BARTIN,2017,0
BATMAN,2017,0
BAYBURT,2017,0
BILECIK,2017,0
BINGOL,2017,0
BITLIS,2017,0
BOLU,2017,0
BURDUR,2017,0
BURSA,2017,0
CANAKKALE,2017,15
CANKIRI,2017,0
CORUM,2017,0
DENIZLI,2017,0
DIYARBAKIR,2017,0
DUZCE,2017,0
EDIRNE,2017,0
ELAZIG,2017,1
ERZINCAN,2017,0
ERZURUM,2017,2
ESKISEHIR,2017,1
GAZIANTEP,2017,0
GIRESUN,2017,0
GUMUSHANE,2017,0
HAKKARI,2017,0
HATAY,2017,0
IGDIR,2017,0
ISPARTA,2017,1
ISTANBUL,2017,0
IZMIR,2017,0
KAHRAMANMARAS,2017,2
KARABUK,2017,0
KARAMAN,2017,0
KARS,2017,0
KASTAMONU,2017,0
KAYSERI,2017,0
KILIS,2017,0
KIRIKKALE,2017,0
KIRKLARELI,2017,0
KIRSEHIR,2017,0
KOCAELI,2017,0
KONYA,2017,0
KUTAHYA,2017,0
MALATYA,2017,0
MANISA,2017,12
MARDIN,2017,0
MERSIN,2017,0
MUGLA,2017,15
MUS,2017,0
NEVSEHIR,2017,0
NIGDE,2017,0
ORDU,2017,0
OSMANIYE,2017,1
RIZE,2017,0
SAKARYA,2017,0
SAMSUN,2017,0
SANLIURFA,2017,0
SIIRT,2017,0
SINOP,2017,0
SIRNAK,2017,0
SIVAS,2017,0
TEKIRDAG,2017,0
TOKAT,2017,0
TRABZON,2017,0
TUNCELI,2017,0
USAK,2017,0
VAN,2017,4
YALOVA,2017,0
YOZGAT,2017,0
ZONGULDAK,2017,0
ADANA,2018,1
ADIYAMAN,2018,1
AFYONKARAHISAR,2018,0
AGRI,2018,1
AKSARAY,2018,0
AMASYA,2018,1
ANKARA,2018,0
ANTALYA,2018,5
ARDAHAN,2018,0
ARTVIN,2018,0
AYDIN,2018,0
BALIKESIR,2018,0
BARTIN,2018,0
BATMAN,2018,0
BAYBURT,2018,0
BILECIK,2018,0
BINGOL,2018,1
BITLIS,2018,1
BOLU,2018,1
BURDUR,2018,1
BURSA,2018,0
CANAKKALE,2018,1
CANKIRI,2018,0
CORUM,2018,0
DENIZLI,2018,1
DIYARBAKIR,2018,0
DUZCE,2018,0
EDIRNE,2018,0
ELAZIG,2018,0
ERZINCAN,2018,2
ERZURUM,2018,0
ESKISEHIR,2018,0
GAZIANTEP,2018,0
GIRESUN,2018,0
GUMUSHANE,2018,0
HAKKARI,2018,0
HATAY,2018,1
IGDIR,2018,0
ISPARTA,2018,0
ISTANBUL,2018,0
IZMIR,2018,0
KAHRAMANMARAS,2018,2
KARABUK,2018,0
KARAMAN,2018,0
KARS,2018,0
KASTAMONU,2018,0
KAYSERI,2018,0
KILIS,2018,0
KIRIKKALE,2018,0
KIRKLARELI,2018,0
KIRSEHIR,2018,0
KOCAELI,2018,0
KONYA,2018,0
KUTAHYA,2018,0
MALATYA,2018,1
MANISA,2018,1
MARDIN,2018,0
MERSIN,2018,0
MUGLA,2018,3
MUS,2018,0
NEVSEHIR,2018,0
NIGDE,2018,0
ORDU,2018,0
OSMANIYE,2018,1
RIZE,2018,0
SAKARYA,2018,0
SAMSUN,2018,0
SANLIURFA,2018,0
SIIRT,2018,0
SINOP,2018,0
SIRNAK,2018,1
SIVAS,2018,0
TEKIRDAG,2018,0
TOKAT,2018,0
TRABZON,2018,0
TUNCELI,2018,0
USAK,2018,0
VAN,2018,2
YALOVA,2018,2
YOZGAT,2018,0
ZONGULDAK,2018,0
ADANA,2019,2
ADIYAMAN,2019,0
AFYONKARAHISAR,2019,1
AGRI,2019,0
AKSARAY,2019,0
AMASYA,2019,0
ANKARA,2019,1
ANTALYA,2019,2
ARDAHAN,2019,0
ARTVIN,2019,0
AYDIN,2019,0
BALIKESIR,2019,2
BARTIN,2019,0
BATMAN,2019,0
BAYBURT,2019,0
BILECIK,2019,0
BINGOL,2019,2
BITLIS,2019,0
BOLU,2019,0
BURDUR,2019,0
BURSA,2019,1
CANAKKALE,2019,2
CANKIRI,2019,6
CORUM,2019,0
DENIZLI,2019,10
DIYARBAKIR,2019,2
DUZCE,2019,0
EDIRNE,2019,0
ELAZIG,2019,0
ERZINCAN,2019,1
ERZURUM,2019,2
ESKISEHIR,2019,0
GAZIANTEP,2019,0
GIRESUN,2019,0
GUMUSHANE,2019,0
HAKKARI,2019,0
HATAY,2019,1
IGDIR,2019,0
ISPARTA,2019,0
ISTANBUL,2019,0
IZMIR,2019,1
KAHRAMANMARAS,2019,0
KARABUK,2019,0
KARAMAN,2019,0
KARS,2019,0
KASTAMONU,2019,0
KAYSERI,2019,0
KILIS,2019,0
KIRIKKALE,2019,0
KIRKLARELI,2019,0
KIRSEHIR,2019,0
KOCAELI,2019,0
KONYA,2019,0
KUTAHYA,2019,0
MALATYA,2019,6
MANISA,2019,2
MARDIN,2019,0
MERSIN,2019,0
MUGLA,2019,3
MUS,2019,0
NEVSEHIR,2019,0
NIGDE,2019,0
ORDU,2019,0
OSMANIYE,2019,1
RIZE,2019,0
SAKARYA,2019,2
SAMSUN,2019,0
SANLIURFA,2019,0
SIIRT,2019,0
SINOP,2019,0
SIRNAK,2019,0
SIVAS,2019,0
TEKIRDAG,2019,0
TOKAT,2019,0
TRABZON,2019,0
TUNCELI,2019,1
USAK,2019,0
VAN,2019,2
YALOVA,2019,0
YOZGAT,2019,0
ZONGULDAK,2019,0
ADANA,2020,1
ADIYAMAN,2020,1
AFYONKARAHISAR,2020,0
AGRI,2020,0
AKSARAY,2020,1
AMASYA,2020,0
ANKARA,2020,2
ANTALYA,2020,2
ARDAHAN,2020,0
ARTVIN,2020,0
AYDIN,2020,0
BALIKESIR,2020,0
BARTIN,2020,0
BATMAN,2020,0
BAYBURT,2020,1
BILECIK,2020,0
BINGOL,2020,5
BITLIS,2020,2
BOLU,2020,0
BURDUR,2020,0
BURSA,2020,0
CANAKKALE,2020,0
CANKIRI,2020,1
CORUM,2020,2
DENIZLI,2020,0
DIYARBAKIR,2020,0
DUZCE,2020,0
EDIRNE,2020,0
ELAZIG,2020,23
ERZINCAN,2020,1
ERZURUM,2020,5
ESKISEHIR,2020,0
GAZIANTEP,2020,0
GIRESUN,2020,0
GUMUSHANE,2020,0
HAKKARI,2020,0
HATAY,2020,1
IGDIR,2020,0
ISPARTA,2020,0
ISTANBUL,2020,0
IZMIR,2020,0
KAHRAMANMARAS,2020,1
KARABUK,2020,0
KARAMAN,2020,0
KARS,2020,0
KASTAMONU,2020,0
KAYSERI,2020,0
KILIS,2020,0
KIRIKKALE,2020,0
KIRKLARELI,2020,0
KIRSEHIR,2020,0
KOCAELI,2020,0
KONYA,2020,2
KUTAHYA,2020,0
MALATYA,2020,23
MANISA,2020,17
MARDIN,2020,0
MERSIN,2020,1
MUGLA,2020,3
MUS,2020,1
NEVSEHIR,2020,0
NIGDE,2020,0
ORDU,2020,0
OSMANIYE,2020,1
RIZE,2020,0
SAKARYA,2020,0
SAMSUN,2020,0
SANLIURFA,2020,1
SIIRT,2020,2
SINOP,2020,0
SIRNAK,2020,0
SIVAS,2020,0
TEKIRDAG,2020,0
TOKAT,2020,0
TRABZON,2020,0
TUNCELI,2020,1
USAK,2020,0
VAN,2020,16
YALOVA,2020,0
YOZGAT,2020,0
ZONGULDAK,2020,0
ADANA,2021,0
ADIYAMAN,2021,0
AFYONKARAHISAR,2021,1
AGRI,2021,1
AKSARAY,2021,0
AMASYA,2021,0
ANKARA,2021,1
ANTALYA,2021,1
ARDAHAN,2021,0
ARTVIN,2021,0
AYDIN,2021,1
BALIKESIR,2021,0
BARTIN,2021,0
BATMAN,2021,0
BAYBURT,2021,0
BILECIK,2021,0
BINGOL,2021,2
BITLIS,2021,0
BOLU,2021,0
BURDUR,2021,1
BURSA,2021,0
CANAKKALE,2021,0
CANKIRI,2021,0
CORUM,2021,4
DENIZLI,2021,4
DIYARBAKIR,2021,0
DUZCE,2021,1
EDIRNE,2021,0
ELAZIG,2021,2
ERZINCAN,2021,2
ERZURUM,2021,2
ESKISEHIR,2021,0
GAZIANTEP,2021,0
GIRESUN,2021,0
GUMUSHANE,2021,0
HAKKARI,2021,0
HATAY,2021,0
IGDIR,2021,0
ISPARTA,2021,0
ISTANBUL,2021,1
IZMIR,2021,1
KAHRAMANMARAS,2021,0
KARABUK,2021,0
KARAMAN,2021,0
KARS,2021,0
KASTAMONU,2021,1
KAYSERI,2021,3
KILIS,2021,0
KIRIKKALE,2021,0
KIRKLARELI,2021,0
KIRSEHIR,2021,0
KOCAELI,2021,0
KONYA,2021,4
KUTAHYA,2021,2
MALATYA,2021,2
MANISA,2021,0
MARDIN,2021,0
MERSIN,2021,0
MUGLA,2021,1
MUS,2021,0
NEVSEHIR,2021,0
NIGDE,2021,0
ORDU,2021,0
OSMANIYE,2021,3
RIZE,2021,0
SAKARYA,2021,0
SAMSUN,2021,0
SANLIURFA,2021,0
SIIRT,2021,0
SINOP,2021,0
SIRNAK,2021,0
SIVAS,2021,3
TEKIRDAG,2021,0
TOKAT,2021,1
TRABZON,2021,0
TUNCELI,2021,0
USAK,2021,0
VAN,2021,6
YALOVA,2021,0
YOZGAT,2021,0
ZONGULDAK,2021,0
ADANA,2022,1
ADIYAMAN,2022,0
AFYONKARAHISAR,2022,0
AGRI,2022,0
AKSARAY,2022,0
AMASYA,2022,0
ANKARA,2022,0
ANTALYA,2022,1
ARDAHAN,2022,0
ARTVIN,2022,0
AYDIN,2022,1
BALIKESIR,2022,3
BARTIN,2022,0
BATMAN,2022,0
BAYBURT,2022,0
BILECIK,2022,0
BINGOL,2022,2
BITLIS,2022,1
BOLU,2022,0
BURDUR,2022,0
BURSA,2022,1
CANAKKALE,2022,2
CANKIRI,2022,0
CORUM,2022,2
DENIZLI,2022,0
DIYARBAKIR,2022,0
DUZCE,2022,5
EDIRNE,2022,0
ELAZIG,2022,1
ERZINCAN,2022,2
ERZURUM,2022,3
ESKISEHIR,2022,0
GAZIANTEP,2022,1
GIRESUN,2022,0
GUMUSHANE,2022,0
HAKKARI,2022,0
HATAY,2022,1
IGDIR,2022,0
ISPARTA,2022,0
ISTANBUL,2022,0
IZMIR,2022,2
KAHRAMANMARAS,2022,4
KARABUK,2022,0
KARAMAN,2022,0
KARS,2022,3
KASTAMONU,2022,2
KAYSERI,2022,1
KILIS,2022,0
KIRIKKALE,2022,0
KIRKLARELI,2022,0
KIRSEHIR,2022,0
KOCAELI,2022,0
KONYA,2022,1
KUTAHYA,2022,1
MALATYA,2022,4
MANISA,2022,1
MARDIN,2022,0
MERSIN,2022,0
MUGLA,2022,4
MUS,2022,0
NEVSEHIR,2022,0
NIGDE,2022,0
ORDU,2022,0
OSMANIYE,2022,1
RIZE,2022,0
SAKARYA,2022,0
SAMSUN,2022,0
SANLIURFA,2022,0
SIIRT,2022,0
SINOP,2022,0
SIRNAK,2022,0
SIVAS,2022,1
TEKIRDAG,2022,0
TOKAT,2022,0
TRABZON,2022,0
TUNCELI,2022,0
USAK,2022,0
VAN,2022,4
YALOVA,2022,1
YOZGAT,2022,0
ZONGULDAK,2022,0
ADANA,2023,16
ADIYAMAN,2023,68
AFYONKARAHISAR,2023,0
AGRI,2023,0
AKSARAY,2023,0
AMASYA,2023,0
ANKARA,2023,1
ANTALYA,2023,2
ARDAHAN,2023,0
ARTVIN,2023,0
AYDIN,2023,0
BALIKESIR,2023,0
BARTIN,2023,0
BATMAN,2023,0
BAYBURT,2023,0
BILECIK,2023,0
BINGOL,2023,8
BITLIS,2023,0
BOLU,2023,2
BURDUR,2023,1
BURSA,2023,0
CANAKKALE,2023,1
CANKIRI,2023,0
CORUM,2023,0
DENIZLI,2023,0
DIYARBAKIR,2023,2
DUZCE,2023,0
EDIRNE,2023,0
ELAZIG,2023,12
ERZINCAN,2023,1
ERZURUM,2023,2
ESKISEHIR,2023,0
GAZIANTEP,2023,27
GIRESUN,2023,0
GUMUSHANE,2023,0
HAKKARI,2023,2
HATAY,2023,62
IGDIR,2023,0
ISPARTA,2023,0
ISTANBUL,2023,0
IZMIR,2023,2
KAHRAMANMARAS,2023,221
KARABUK,2023,0
KARAMAN,2023,0
KARS,2023,0
KASTAMONU,2023,2
KAYSERI,2023,5
KILIS,2023,0
KIRIKKALE,2023,0
KIRKLARELI,2023,0
KIRSEHIR,2023,0
KOCAELI,2023,0
KONYA,2023,6
KUTAHYA,2023,0
MALATYA,2023,82
MANISA,2023,0
MARDIN,2023,0
MERSIN,2023,0
MUGLA,2023,2
MUS,2023,0
NEVSEHIR,2023,0
NIGDE,2023,0
ORDU,2023,0
OSMANIYE,2023,3
RIZE,2023,0
SAKARYA,2023,0
SAMSUN,2023,0
SANLIURFA,2023,0
SIIRT,2023,0
SINOP,2023,0
SIRNAK,2023,0
SIVAS,2023,1
TEKIRDAG,2023,0
TOKAT,2023,1
TRABZON,2023,0
TUNCELI,2023,1
USAK,2023,0
VAN,2023,3
YALOVA,2023,0
YOZGAT,2023,0
ZONGULDAK,2023,0
